1	TTAG,TGTA,GATG,ATAG,TCAG,CATT,ATCT,AGAC,GCTG,GATA,TAGT	/wynton/home/ahituv/fongsl/dna/hg38/kmers/15mers	hg38	15	4	True	1
2	CAGT,GAAG,AGGG,GCAT,TCTC,TGCA,TCCG,CACA,CCAA,AAGA	/wynton/home/ahituv/fongsl/dna/hg38/kmers/15mers	hg38	15	4	True	1
3	ATCC,CGAG,CGCT,AATG,AGAT,GTGT,AATA,AGTG,CACT,GAGT	/wynton/home/ahituv/fongsl/dna/hg38/kmers/15mers	hg38	15	4	True	1
4	AGCG,GCAA,GGGG,TCCA,GAAC,ATGC,ATGT,GCGC,CTCA,AGTC	/wynton/home/ahituv/fongsl/dna/hg38/kmers/15mers	hg38	15	4	True	1
5	TTGT,TACG,CCCA,AGTT,TAGC,CCAC,TGTT,AATT,ATAT,CGGG	/wynton/home/ahituv/fongsl/dna/hg38/kmers/15mers	hg38	15	4	True	1
6	GGTA,AAAG,TTAA,GGGT,TAGG,CGTT,GCTA,CCTA,GACA,ACCT	/wynton/home/ahituv/fongsl/dna/hg38/kmers/15mers	hg38	15	4	True	1
7	GGCC,TGAT,ACCC,CCAT,GGAC,CCTG,GTTA,TAAA,CATG,TGAA	/wynton/home/ahituv/fongsl/dna/hg38/kmers/15mers	hg38	15	4	True	1
8	CGAT,CCGA,GTCT,CAAG,AGGC,ACTC,CATC,ACAA,AGAA,TTGA	/wynton/home/ahituv/fongsl/dna/hg38/kmers/15mers	hg38	15	4	True	1
9	ATGG,CGCC,GCAC,ACGC,CGAC,TCTA,TCTT,TTTT,ACGT,CTGT	/wynton/home/ahituv/fongsl/dna/hg38/kmers/15mers	hg38	15	4	True	1
10	CCGT,CCTC,GGAT,GTCA,TCAT,TGAC,TTAC,ATGA,GTAT,CACC	/wynton/home/ahituv/fongsl/dna/hg38/kmers/15mers	hg38	15	4	True	1
11	CGTG,CTTA,GACC,CAAT,GGCA,GTTT,GCTT,CTTT,CGAA,AACT	/wynton/home/ahituv/fongsl/dna/hg38/kmers/15mers	hg38	15	4	True	1
12	TGCC,CGCG,GGAG,ACGG,AGAG,ACAT,CCCT,TTCC,ACGA,ACAC	/wynton/home/ahituv/fongsl/dna/hg38/kmers/15mers	hg38	15	4	True	1
13	AACG,GAAA,TGTG,GAGG,GCGT,CCGG,GCGG,CAAA,TCGT,AAAA	/wynton/home/ahituv/fongsl/dna/hg38/kmers/15mers	hg38	15	4	True	1
14	AGCA,TGCG,CGGT,TCCT,GAGC,CTAA,CTAC,GAAT,GAGA,GGTT	/wynton/home/ahituv/fongsl/dna/hg38/kmers/15mers	hg38	15	4	True	1
15	AATC,TTCG,ACAG,CTAT,GCCA,GGCG,AAGT,TCGG,ATTA,TTGC	/wynton/home/ahituv/fongsl/dna/hg38/kmers/15mers	hg38	15	4	True	1
16	TGGA,CCCC,CTCT,AAGC,GGAA,GTAG,AACA,AGCC,GATT,AACC	/wynton/home/ahituv/fongsl/dna/hg38/kmers/15mers	hg38	15	4	True	1
17	TAAG,TGGC,TGGG,GCCC,CCAG,CGGC,GTTC,CTGC,GTTG,CGTA	/wynton/home/ahituv/fongsl/dna/hg38/kmers/15mers	hg38	15	4	True	1
18	TACT,ATAC,TCAC,AAAC,TCCC,TACC,TATG,ATTG,GCGA,GGCT	/wynton/home/ahituv/fongsl/dna/hg38/kmers/15mers	hg38	15	4	True	1
19	TGGT,GATC,GCTC,CGCA,GACT,TCAA,TTCT,CTTG,TAAC,TAGA	/wynton/home/ahituv/fongsl/dna/hg38/kmers/15mers	hg38	15	4	True	1
20	GTGA,GTAA,TATA,ATCG,TTCA,GTCC,CTCG,AGGA,AAGG,TTAT	/wynton/home/ahituv/fongsl/dna/hg38/kmers/15mers	hg38	15	4	True	1
21	TGAG,AAAT,AGCT,AGGT,CACG,GTAC,ATAA,TATC,AGTA,CCTT	/wynton/home/ahituv/fongsl/dna/hg38/kmers/15mers	hg38	15	4	True	1
22	ACCG,CGGA,GGTC,ACTA,CTAG,TTTC,TCTG,CAAC,GGTG,GCCT	/wynton/home/ahituv/fongsl/dna/hg38/kmers/15mers	hg38	15	4	True	1
23	TCGC,CAGG,CAGA,GTGC,TATT,ACCA,CGTC,CTCC,GTGG,TCGA	/wynton/home/ahituv/fongsl/dna/hg38/kmers/15mers	hg38	15	4	True	1
24	TGTC,CAGC,TTGG,TTTG,CTTC,CCCG,ATTT,GCCG,GCAG,ACTT	/wynton/home/ahituv/fongsl/dna/hg38/kmers/15mers	hg38	15	4	True	1
25	TAAT,GTCG,TTTA,ATCA,CATA,GACG,GGGC,GGGA,CTGA,ACTG	/wynton/home/ahituv/fongsl/dna/hg38/kmers/15mers	hg38	15	4	True	1
26	TACA,TGCT,ATTC,CTGG,CCGC	/wynton/home/ahituv/fongsl/dna/hg38/kmers/15mers	hg38	15	4	True	1
