1	/wynton/home/ahituv/fongsl/dna/hg38/kmers/14mers/ALL.TCAT.14mers-nullomers.csv.gz
2	/wynton/home/ahituv/fongsl/dna/hg38/kmers/14mers/ALL.CCCC.14mers-nullomers.csv.gz
3	/wynton/home/ahituv/fongsl/dna/hg38/kmers/14mers/ALL.ATTG.14mers-nullomers.csv.gz
4	/wynton/home/ahituv/fongsl/dna/hg38/kmers/14mers/ALL.ACAA.14mers-nullomers.csv.gz
5	/wynton/home/ahituv/fongsl/dna/hg38/kmers/14mers/ALL.ACAC.14mers-nullomers.csv.gz
6	/wynton/home/ahituv/fongsl/dna/hg38/kmers/14mers/ALL.CGGT.14mers-nullomers.csv.gz
7	/wynton/home/ahituv/fongsl/dna/hg38/kmers/14mers/ALL.CGTA.14mers-nullomers.csv.gz
8	/wynton/home/ahituv/fongsl/dna/hg38/kmers/14mers/ALL.GACT.14mers-nullomers.csv.gz
9	/wynton/home/ahituv/fongsl/dna/hg38/kmers/14mers/ALL.GGAG.14mers-nullomers.csv.gz
10	/wynton/home/ahituv/fongsl/dna/hg38/kmers/14mers/ALL.ATGT.14mers-nullomers.csv.gz
11	/wynton/home/ahituv/fongsl/dna/hg38/kmers/14mers/ALL.ATTA.14mers-nullomers.csv.gz
12	/wynton/home/ahituv/fongsl/dna/hg38/kmers/14mers/ALL.CGCA.14mers-nullomers.csv.gz
13	/wynton/home/ahituv/fongsl/dna/hg38/kmers/14mers/ALL.CGCC.14mers-nullomers.csv.gz
14	/wynton/home/ahituv/fongsl/dna/hg38/kmers/14mers/ALL.TTAA.14mers-nullomers.csv.gz
15	/wynton/home/ahituv/fongsl/dna/hg38/kmers/14mers/ALL.CCCA.14mers-nullomers.csv.gz
16	/wynton/home/ahituv/fongsl/dna/hg38/kmers/14mers/ALL.CCCG.14mers-nullomers.csv.gz
17	/wynton/home/ahituv/fongsl/dna/hg38/kmers/14mers/ALL.TTGG.14mers-nullomers.csv.gz
18	/wynton/home/ahituv/fongsl/dna/hg38/kmers/14mers/ALL.AAAC.14mers-nullomers.csv.gz
19	/wynton/home/ahituv/fongsl/dna/hg38/kmers/14mers/ALL.AAAG.14mers-nullomers.csv.gz
20	/wynton/home/ahituv/fongsl/dna/hg38/kmers/14mers/ALL.GCCG.14mers-nullomers.csv.gz
21	/wynton/home/ahituv/fongsl/dna/hg38/kmers/14mers/ALL.GATA.14mers-nullomers.csv.gz
22	/wynton/home/ahituv/fongsl/dna/hg38/kmers/14mers/ALL.GATC.14mers-nullomers.csv.gz
23	/wynton/home/ahituv/fongsl/dna/hg38/kmers/14mers/ALL.TATT.14mers-nullomers.csv.gz
24	/wynton/home/ahituv/fongsl/dna/hg38/kmers/14mers/ALL.GTGT.14mers-nullomers.csv.gz
25	/wynton/home/ahituv/fongsl/dna/hg38/kmers/14mers/ALL.GTTA.14mers-nullomers.csv.gz
26	/wynton/home/ahituv/fongsl/dna/hg38/kmers/14mers/ALL.TGAG.14mers-nullomers.csv.gz
27	/wynton/home/ahituv/fongsl/dna/hg38/kmers/14mers/ALL.CTGG.14mers-nullomers.csv.gz
28	/wynton/home/ahituv/fongsl/dna/hg38/kmers/14mers/ALL.CCGG.14mers-nullomers.csv.gz
29	/wynton/home/ahituv/fongsl/dna/hg38/kmers/14mers/ALL.CCGT.14mers-nullomers.csv.gz
30	/wynton/home/ahituv/fongsl/dna/hg38/kmers/14mers/ALL.GGCT.14mers-nullomers.csv.gz
31	/wynton/home/ahituv/fongsl/dna/hg38/kmers/14mers/ALL.CTGT.14mers-nullomers.csv.gz
32	/wynton/home/ahituv/fongsl/dna/hg38/kmers/14mers/ALL.CTTA.14mers-nullomers.csv.gz
33	/wynton/home/ahituv/fongsl/dna/hg38/kmers/14mers/ALL.TGCG.14mers-nullomers.csv.gz
34	/wynton/home/ahituv/fongsl/dna/hg38/kmers/14mers/ALL.CTTC.14mers-nullomers.csv.gz
35	/wynton/home/ahituv/fongsl/dna/hg38/kmers/14mers/ALL.CTTG.14mers-nullomers.csv.gz
36	/wynton/home/ahituv/fongsl/dna/hg38/kmers/14mers/ALL.TTTC.14mers-nullomers.csv.gz
37	/wynton/home/ahituv/fongsl/dna/hg38/kmers/14mers/ALL.CTCT.14mers-nullomers.csv.gz
38	/wynton/home/ahituv/fongsl/dna/hg38/kmers/14mers/ALL.CTGA.14mers-nullomers.csv.gz
39	/wynton/home/ahituv/fongsl/dna/hg38/kmers/14mers/ALL.TTTT.14mers-nullomers.csv.gz
40	/wynton/home/ahituv/fongsl/dna/hg38/kmers/14mers/ALL.GACG.14mers-nullomers.csv.gz
41	/wynton/home/ahituv/fongsl/dna/hg38/kmers/14mers/ALL.GAGA.14mers-nullomers.csv.gz
42	/wynton/home/ahituv/fongsl/dna/hg38/kmers/14mers/ALL.TAGC.14mers-nullomers.csv.gz
43	/wynton/home/ahituv/fongsl/dna/hg38/kmers/14mers/ALL.CCCT.14mers-nullomers.csv.gz
44	/wynton/home/ahituv/fongsl/dna/hg38/kmers/14mers/ALL.CCGA.14mers-nullomers.csv.gz
45	/wynton/home/ahituv/fongsl/dna/hg38/kmers/14mers/ALL.TTCG.14mers-nullomers.csv.gz
46	/wynton/home/ahituv/fongsl/dna/hg38/kmers/14mers/ALL.CTCG.14mers-nullomers.csv.gz
47	/wynton/home/ahituv/fongsl/dna/hg38/kmers/14mers/ALL.AGAT.14mers-nullomers.csv.gz
48	/wynton/home/ahituv/fongsl/dna/hg38/kmers/14mers/ALL.AGCG.14mers-nullomers.csv.gz
49	/wynton/home/ahituv/fongsl/dna/hg38/kmers/14mers/ALL.GCTC.14mers-nullomers.csv.gz
50	/wynton/home/ahituv/fongsl/dna/hg38/kmers/14mers/ALL.AGTC.14mers-nullomers.csv.gz
51	/wynton/home/ahituv/fongsl/dna/hg38/kmers/14mers/ALL.ATAC.14mers-nullomers.csv.gz
52	/wynton/home/ahituv/fongsl/dna/hg38/kmers/14mers/ALL.TTCA.14mers-nullomers.csv.gz
53	/wynton/home/ahituv/fongsl/dna/hg38/kmers/14mers/ALL.GCGC.14mers-nullomers.csv.gz
54	/wynton/home/ahituv/fongsl/dna/hg38/kmers/14mers/ALL.CCGC.14mers-nullomers.csv.gz
55	/wynton/home/ahituv/fongsl/dna/hg38/kmers/14mers/ALL.CCTA.14mers-nullomers.csv.gz
56	/wynton/home/ahituv/fongsl/dna/hg38/kmers/14mers/ALL.CGTT.14mers-nullomers.csv.gz
57	/wynton/home/ahituv/fongsl/dna/hg38/kmers/14mers/ALL.AGTT.14mers-nullomers.csv.gz
58	/wynton/home/ahituv/fongsl/dna/hg38/kmers/14mers/ALL.ATAT.14mers-nullomers.csv.gz
59	/wynton/home/ahituv/fongsl/dna/hg38/kmers/14mers/ALL.TCAC.14mers-nullomers.csv.gz
60	/wynton/home/ahituv/fongsl/dna/hg38/kmers/14mers/ALL.GCCC.14mers-nullomers.csv.gz
61	/wynton/home/ahituv/fongsl/dna/hg38/kmers/14mers/ALL.GAAC.14mers-nullomers.csv.gz
62	/wynton/home/ahituv/fongsl/dna/hg38/kmers/14mers/ALL.GAAG.14mers-nullomers.csv.gz
63	/wynton/home/ahituv/fongsl/dna/hg38/kmers/14mers/ALL.TGTA.14mers-nullomers.csv.gz
64	/wynton/home/ahituv/fongsl/dna/hg38/kmers/14mers/ALL.AGTA.14mers-nullomers.csv.gz
65	/wynton/home/ahituv/fongsl/dna/hg38/kmers/14mers/ALL.ATCA.14mers-nullomers.csv.gz
66	/wynton/home/ahituv/fongsl/dna/hg38/kmers/14mers/ALL.TCCA.14mers-nullomers.csv.gz
67	/wynton/home/ahituv/fongsl/dna/hg38/kmers/14mers/ALL.TAAC.14mers-nullomers.csv.gz
68	/wynton/home/ahituv/fongsl/dna/hg38/kmers/14mers/ALL.GGGC.14mers-nullomers.csv.gz
69	/wynton/home/ahituv/fongsl/dna/hg38/kmers/14mers/ALL.GGGG.14mers-nullomers.csv.gz
70	/wynton/home/ahituv/fongsl/dna/hg38/kmers/14mers/ALL.TGCT.14mers-nullomers.csv.gz
71	/wynton/home/ahituv/fongsl/dna/hg38/kmers/14mers/ALL.ACGA.14mers-nullomers.csv.gz
72	/wynton/home/ahituv/fongsl/dna/hg38/kmers/14mers/ALL.ACGC.14mers-nullomers.csv.gz
73	/wynton/home/ahituv/fongsl/dna/hg38/kmers/14mers/ALL.ATTC.14mers-nullomers.csv.gz
74	/wynton/home/ahituv/fongsl/dna/hg38/kmers/14mers/ALL.ATAA.14mers-nullomers.csv.gz
75	/wynton/home/ahituv/fongsl/dna/hg38/kmers/14mers/ALL.AGTG.14mers-nullomers.csv.gz
76	/wynton/home/ahituv/fongsl/dna/hg38/kmers/14mers/ALL.ATCC.14mers-nullomers.csv.gz
77	/wynton/home/ahituv/fongsl/dna/hg38/kmers/14mers/ALL.GTTT.14mers-nullomers.csv.gz
78	/wynton/home/ahituv/fongsl/dna/hg38/kmers/14mers/ALL.TAAA.14mers-nullomers.csv.gz
79	/wynton/home/ahituv/fongsl/dna/hg38/kmers/14mers/ALL.TGAA.14mers-nullomers.csv.gz
80	/wynton/home/ahituv/fongsl/dna/hg38/kmers/14mers/ALL.TCTT.14mers-nullomers.csv.gz
81	/wynton/home/ahituv/fongsl/dna/hg38/kmers/14mers/ALL.CACA.14mers-nullomers.csv.gz
82	/wynton/home/ahituv/fongsl/dna/hg38/kmers/14mers/ALL.AATT.14mers-nullomers.csv.gz
83	/wynton/home/ahituv/fongsl/dna/hg38/kmers/14mers/ALL.ACAT.14mers-nullomers.csv.gz
84	/wynton/home/ahituv/fongsl/dna/hg38/kmers/14mers/ALL.ATAG.14mers-nullomers.csv.gz
85	/wynton/home/ahituv/fongsl/dna/hg38/kmers/14mers/ALL.ATCT.14mers-nullomers.csv.gz
86	/wynton/home/ahituv/fongsl/dna/hg38/kmers/14mers/ALL.TTAT.14mers-nullomers.csv.gz
87	/wynton/home/ahituv/fongsl/dna/hg38/kmers/14mers/ALL.CAGG.14mers-nullomers.csv.gz
88	/wynton/home/ahituv/fongsl/dna/hg38/kmers/14mers/ALL.ATCG.14mers-nullomers.csv.gz
89	/wynton/home/ahituv/fongsl/dna/hg38/kmers/14mers/ALL.AGCC.14mers-nullomers.csv.gz
90	/wynton/home/ahituv/fongsl/dna/hg38/kmers/14mers/ALL.AGCT.14mers-nullomers.csv.gz
91	/wynton/home/ahituv/fongsl/dna/hg38/kmers/14mers/ALL.TTTG.14mers-nullomers.csv.gz
92	/wynton/home/ahituv/fongsl/dna/hg38/kmers/14mers/ALL.GCAA.14mers-nullomers.csv.gz
93	/wynton/home/ahituv/fongsl/dna/hg38/kmers/14mers/ALL.GCAC.14mers-nullomers.csv.gz
94	/wynton/home/ahituv/fongsl/dna/hg38/kmers/14mers/ALL.TGGC.14mers-nullomers.csv.gz
95	/wynton/home/ahituv/fongsl/dna/hg38/kmers/14mers/ALL.CTTT.14mers-nullomers.csv.gz
96	/wynton/home/ahituv/fongsl/dna/hg38/kmers/14mers/ALL.ACAG.14mers-nullomers.csv.gz
97	/wynton/home/ahituv/fongsl/dna/hg38/kmers/14mers/ALL.ACCA.14mers-nullomers.csv.gz
98	/wynton/home/ahituv/fongsl/dna/hg38/kmers/14mers/ALL.CGAT.14mers-nullomers.csv.gz
99	/wynton/home/ahituv/fongsl/dna/hg38/kmers/14mers/ALL.CGCG.14mers-nullomers.csv.gz
100	/wynton/home/ahituv/fongsl/dna/hg38/kmers/14mers/ALL.GTTC.14mers-nullomers.csv.gz
101	/wynton/home/ahituv/fongsl/dna/hg38/kmers/14mers/ALL.AGAA.14mers-nullomers.csv.gz
102	/wynton/home/ahituv/fongsl/dna/hg38/kmers/14mers/ALL.AGAC.14mers-nullomers.csv.gz
103	/wynton/home/ahituv/fongsl/dna/hg38/kmers/14mers/ALL.TACG.14mers-nullomers.csv.gz
104	/wynton/home/ahituv/fongsl/dna/hg38/kmers/14mers/ALL.AGAG.14mers-nullomers.csv.gz
105	/wynton/home/ahituv/fongsl/dna/hg38/kmers/14mers/ALL.AGCA.14mers-nullomers.csv.gz
106	/wynton/home/ahituv/fongsl/dna/hg38/kmers/14mers/ALL.CGGC.14mers-nullomers.csv.gz
107	/wynton/home/ahituv/fongsl/dna/hg38/kmers/14mers/ALL.CGGA.14mers-nullomers.csv.gz
108	/wynton/home/ahituv/fongsl/dna/hg38/kmers/14mers/ALL.CGGG.14mers-nullomers.csv.gz
109	/wynton/home/ahituv/fongsl/dna/hg38/kmers/14mers/ALL.TTGC.14mers-nullomers.csv.gz
110	/wynton/home/ahituv/fongsl/dna/hg38/kmers/14mers/ALL.CATA.14mers-nullomers.csv.gz
111	/wynton/home/ahituv/fongsl/dna/hg38/kmers/14mers/ALL.CATC.14mers-nullomers.csv.gz
112	/wynton/home/ahituv/fongsl/dna/hg38/kmers/14mers/ALL.GTCC.14mers-nullomers.csv.gz
113	/wynton/home/ahituv/fongsl/dna/hg38/kmers/14mers/ALL.CGTG.14mers-nullomers.csv.gz
114	/wynton/home/ahituv/fongsl/dna/hg38/kmers/14mers/ALL.AACC.14mers-nullomers.csv.gz
115	/wynton/home/ahituv/fongsl/dna/hg38/kmers/14mers/ALL.AACG.14mers-nullomers.csv.gz
116	/wynton/home/ahituv/fongsl/dna/hg38/kmers/14mers/ALL.TCCT.14mers-nullomers.csv.gz
117	/wynton/home/ahituv/fongsl/dna/hg38/kmers/14mers/ALL.GTGA.14mers-nullomers.csv.gz
118	/wynton/home/ahituv/fongsl/dna/hg38/kmers/14mers/ALL.GTGC.14mers-nullomers.csv.gz
119	/wynton/home/ahituv/fongsl/dna/hg38/kmers/14mers/ALL.CCAG.14mers-nullomers.csv.gz
120	/wynton/home/ahituv/fongsl/dna/hg38/kmers/14mers/ALL.CTAC.14mers-nullomers.csv.gz
121	/wynton/home/ahituv/fongsl/dna/hg38/kmers/14mers/ALL.AGGA.14mers-nullomers.csv.gz
122	/wynton/home/ahituv/fongsl/dna/hg38/kmers/14mers/ALL.AGGT.14mers-nullomers.csv.gz
123	/wynton/home/ahituv/fongsl/dna/hg38/kmers/14mers/ALL.TCTA.14mers-nullomers.csv.gz
124	/wynton/home/ahituv/fongsl/dna/hg38/kmers/14mers/ALL.TCTC.14mers-nullomers.csv.gz
125	/wynton/home/ahituv/fongsl/dna/hg38/kmers/14mers/ALL.TGAT.14mers-nullomers.csv.gz
126	/wynton/home/ahituv/fongsl/dna/hg38/kmers/14mers/ALL.AGGG.14mers-nullomers.csv.gz
127	/wynton/home/ahituv/fongsl/dna/hg38/kmers/14mers/ALL.ATTT.14mers-nullomers.csv.gz
128	/wynton/home/ahituv/fongsl/dna/hg38/kmers/14mers/ALL.CACC.14mers-nullomers.csv.gz
129	/wynton/home/ahituv/fongsl/dna/hg38/kmers/14mers/ALL.CAGT.14mers-nullomers.csv.gz
130	/wynton/home/ahituv/fongsl/dna/hg38/kmers/14mers/ALL.GCAT.14mers-nullomers.csv.gz
131	/wynton/home/ahituv/fongsl/dna/hg38/kmers/14mers/ALL.ATGA.14mers-nullomers.csv.gz
132	/wynton/home/ahituv/fongsl/dna/hg38/kmers/14mers/ALL.CAAC.14mers-nullomers.csv.gz
133	/wynton/home/ahituv/fongsl/dna/hg38/kmers/14mers/ALL.TGGG.14mers-nullomers.csv.gz
134	/wynton/home/ahituv/fongsl/dna/hg38/kmers/14mers/ALL.TATG.14mers-nullomers.csv.gz
135	/wynton/home/ahituv/fongsl/dna/hg38/kmers/14mers/ALL.TCAA.14mers-nullomers.csv.gz
136	/wynton/home/ahituv/fongsl/dna/hg38/kmers/14mers/ALL.TTGT.14mers-nullomers.csv.gz
137	/wynton/home/ahituv/fongsl/dna/hg38/kmers/14mers/ALL.TAAT.14mers-nullomers.csv.gz
138	/wynton/home/ahituv/fongsl/dna/hg38/kmers/14mers/ALL.ACGT.14mers-nullomers.csv.gz
139	/wynton/home/ahituv/fongsl/dna/hg38/kmers/14mers/ALL.ACTC.14mers-nullomers.csv.gz
140	/wynton/home/ahituv/fongsl/dna/hg38/kmers/14mers/ALL.AGGC.14mers-nullomers.csv.gz
141	/wynton/home/ahituv/fongsl/dna/hg38/kmers/14mers/ALL.CCAA.14mers-nullomers.csv.gz
142	/wynton/home/ahituv/fongsl/dna/hg38/kmers/14mers/ALL.GGTC.14mers-nullomers.csv.gz
143	/wynton/home/ahituv/fongsl/dna/hg38/kmers/14mers/ALL.ACCC.14mers-nullomers.csv.gz
144	/wynton/home/ahituv/fongsl/dna/hg38/kmers/14mers/ALL.ACTT.14mers-nullomers.csv.gz
145	/wynton/home/ahituv/fongsl/dna/hg38/kmers/14mers/ALL.CAAT.14mers-nullomers.csv.gz
146	/wynton/home/ahituv/fongsl/dna/hg38/kmers/14mers/ALL.CCAC.14mers-nullomers.csv.gz
147	/wynton/home/ahituv/fongsl/dna/hg38/kmers/14mers/ALL.GCCA.14mers-nullomers.csv.gz
148	/wynton/home/ahituv/fongsl/dna/hg38/kmers/14mers/ALL.AATA.14mers-nullomers.csv.gz
149	/wynton/home/ahituv/fongsl/dna/hg38/kmers/14mers/ALL.AAGA.14mers-nullomers.csv.gz
150	/wynton/home/ahituv/fongsl/dna/hg38/kmers/14mers/ALL.AAGC.14mers-nullomers.csv.gz
151	/wynton/home/ahituv/fongsl/dna/hg38/kmers/14mers/ALL.GGGT.14mers-nullomers.csv.gz
152	/wynton/home/ahituv/fongsl/dna/hg38/kmers/14mers/ALL.CTAG.14mers-nullomers.csv.gz
153	/wynton/home/ahituv/fongsl/dna/hg38/kmers/14mers/ALL.CAAA.14mers-nullomers.csv.gz
154	/wynton/home/ahituv/fongsl/dna/hg38/kmers/14mers/ALL.CAAG.14mers-nullomers.csv.gz
155	/wynton/home/ahituv/fongsl/dna/hg38/kmers/14mers/ALL.TATA.14mers-nullomers.csv.gz
156	/wynton/home/ahituv/fongsl/dna/hg38/kmers/14mers/ALL.CTGC.14mers-nullomers.csv.gz
157	/wynton/home/ahituv/fongsl/dna/hg38/kmers/14mers/ALL.GACC.14mers-nullomers.csv.gz
158	/wynton/home/ahituv/fongsl/dna/hg38/kmers/14mers/ALL.GGAA.14mers-nullomers.csv.gz
159	/wynton/home/ahituv/fongsl/dna/hg38/kmers/14mers/ALL.GAAT.14mers-nullomers.csv.gz
160	/wynton/home/ahituv/fongsl/dna/hg38/kmers/14mers/ALL.ATGC.14mers-nullomers.csv.gz
161	/wynton/home/ahituv/fongsl/dna/hg38/kmers/14mers/ALL.CACG.14mers-nullomers.csv.gz
162	/wynton/home/ahituv/fongsl/dna/hg38/kmers/14mers/ALL.GTGG.14mers-nullomers.csv.gz
163	/wynton/home/ahituv/fongsl/dna/hg38/kmers/14mers/ALL.GTTG.14mers-nullomers.csv.gz
164	/wynton/home/ahituv/fongsl/dna/hg38/kmers/14mers/ALL.TGGT.14mers-nullomers.csv.gz
165	/wynton/home/ahituv/fongsl/dna/hg38/kmers/14mers/ALL.CCAT.14mers-nullomers.csv.gz
166	/wynton/home/ahituv/fongsl/dna/hg38/kmers/14mers/ALL.CCTC.14mers-nullomers.csv.gz
167	/wynton/home/ahituv/fongsl/dna/hg38/kmers/14mers/ALL.TTCC.14mers-nullomers.csv.gz
168	/wynton/home/ahituv/fongsl/dna/hg38/kmers/14mers/ALL.ACTG.14mers-nullomers.csv.gz
169	/wynton/home/ahituv/fongsl/dna/hg38/kmers/14mers/ALL.CAGA.14mers-nullomers.csv.gz
170	/wynton/home/ahituv/fongsl/dna/hg38/kmers/14mers/ALL.GATG.14mers-nullomers.csv.gz
171	/wynton/home/ahituv/fongsl/dna/hg38/kmers/14mers/ALL.GCAG.14mers-nullomers.csv.gz
172	/wynton/home/ahituv/fongsl/dna/hg38/kmers/14mers/ALL.GCTA.14mers-nullomers.csv.gz
173	/wynton/home/ahituv/fongsl/dna/hg38/kmers/14mers/ALL.AACA.14mers-nullomers.csv.gz
174	/wynton/home/ahituv/fongsl/dna/hg38/kmers/14mers/ALL.AACT.14mers-nullomers.csv.gz
175	/wynton/home/ahituv/fongsl/dna/hg38/kmers/14mers/ALL.GAAA.14mers-nullomers.csv.gz
176	/wynton/home/ahituv/fongsl/dna/hg38/kmers/14mers/ALL.GAGC.14mers-nullomers.csv.gz
177	/wynton/home/ahituv/fongsl/dna/hg38/kmers/14mers/ALL.GGTA.14mers-nullomers.csv.gz
178	/wynton/home/ahituv/fongsl/dna/hg38/kmers/14mers/ALL.CATG.14mers-nullomers.csv.gz
179	/wynton/home/ahituv/fongsl/dna/hg38/kmers/14mers/ALL.CATT.14mers-nullomers.csv.gz
180	/wynton/home/ahituv/fongsl/dna/hg38/kmers/14mers/ALL.GATT.14mers-nullomers.csv.gz
181	/wynton/home/ahituv/fongsl/dna/hg38/kmers/14mers/ALL.ACTA.14mers-nullomers.csv.gz
182	/wynton/home/ahituv/fongsl/dna/hg38/kmers/14mers/ALL.ACCG.14mers-nullomers.csv.gz
183	/wynton/home/ahituv/fongsl/dna/hg38/kmers/14mers/ALL.ACCT.14mers-nullomers.csv.gz
184	/wynton/home/ahituv/fongsl/dna/hg38/kmers/14mers/ALL.ACGG.14mers-nullomers.csv.gz
185	/wynton/home/ahituv/fongsl/dna/hg38/kmers/14mers/ALL.CCTG.14mers-nullomers.csv.gz
186	/wynton/home/ahituv/fongsl/dna/hg38/kmers/14mers/ALL.TGTT.14mers-nullomers.csv.gz
187	/wynton/home/ahituv/fongsl/dna/hg38/kmers/14mers/ALL.TTAC.14mers-nullomers.csv.gz
188	/wynton/home/ahituv/fongsl/dna/hg38/kmers/14mers/ALL.TTAG.14mers-nullomers.csv.gz
189	/wynton/home/ahituv/fongsl/dna/hg38/kmers/14mers/ALL.TTCT.14mers-nullomers.csv.gz
190	/wynton/home/ahituv/fongsl/dna/hg38/kmers/14mers/ALL.GACA.14mers-nullomers.csv.gz
191	/wynton/home/ahituv/fongsl/dna/hg38/kmers/14mers/ALL.ATGG.14mers-nullomers.csv.gz
192	/wynton/home/ahituv/fongsl/dna/hg38/kmers/14mers/ALL.CACT.14mers-nullomers.csv.gz
193	/wynton/home/ahituv/fongsl/dna/hg38/kmers/14mers/ALL.CAGC.14mers-nullomers.csv.gz
194	/wynton/home/ahituv/fongsl/dna/hg38/kmers/14mers/ALL.AATG.14mers-nullomers.csv.gz
195	/wynton/home/ahituv/fongsl/dna/hg38/kmers/14mers/ALL.GAGT.14mers-nullomers.csv.gz
196	/wynton/home/ahituv/fongsl/dna/hg38/kmers/14mers/ALL.GCCT.14mers-nullomers.csv.gz
197	/wynton/home/ahituv/fongsl/dna/hg38/kmers/14mers/ALL.GCGA.14mers-nullomers.csv.gz
198	/wynton/home/ahituv/fongsl/dna/hg38/kmers/14mers/ALL.GCGG.14mers-nullomers.csv.gz
199	/wynton/home/ahituv/fongsl/dna/hg38/kmers/14mers/ALL.GCGT.14mers-nullomers.csv.gz
200	/wynton/home/ahituv/fongsl/dna/hg38/kmers/14mers/ALL.GGAC.14mers-nullomers.csv.gz
201	/wynton/home/ahituv/fongsl/dna/hg38/kmers/14mers/ALL.TCGT.14mers-nullomers.csv.gz
202	/wynton/home/ahituv/fongsl/dna/hg38/kmers/14mers/ALL.GGAT.14mers-nullomers.csv.gz
203	/wynton/home/ahituv/fongsl/dna/hg38/kmers/14mers/ALL.TGTG.14mers-nullomers.csv.gz
204	/wynton/home/ahituv/fongsl/dna/hg38/kmers/14mers/ALL.TGTC.14mers-nullomers.csv.gz
205	/wynton/home/ahituv/fongsl/dna/hg38/kmers/14mers/ALL.AATC.14mers-nullomers.csv.gz
206	/wynton/home/ahituv/fongsl/dna/hg38/kmers/14mers/ALL.CTAT.14mers-nullomers.csv.gz
207	/wynton/home/ahituv/fongsl/dna/hg38/kmers/14mers/ALL.CTCC.14mers-nullomers.csv.gz
208	/wynton/home/ahituv/fongsl/dna/hg38/kmers/14mers/ALL.TCCG.14mers-nullomers.csv.gz
209	/wynton/home/ahituv/fongsl/dna/hg38/kmers/14mers/ALL.CTAA.14mers-nullomers.csv.gz
210	/wynton/home/ahituv/fongsl/dna/hg38/kmers/14mers/ALL.GGCA.14mers-nullomers.csv.gz
211	/wynton/home/ahituv/fongsl/dna/hg38/kmers/14mers/ALL.CGAG.14mers-nullomers.csv.gz
212	/wynton/home/ahituv/fongsl/dna/hg38/kmers/14mers/ALL.CTCA.14mers-nullomers.csv.gz
213	/wynton/home/ahituv/fongsl/dna/hg38/kmers/14mers/ALL.GTCG.14mers-nullomers.csv.gz
214	/wynton/home/ahituv/fongsl/dna/hg38/kmers/14mers/ALL.TAAG.14mers-nullomers.csv.gz
215	/wynton/home/ahituv/fongsl/dna/hg38/kmers/14mers/ALL.TACA.14mers-nullomers.csv.gz
216	/wynton/home/ahituv/fongsl/dna/hg38/kmers/14mers/ALL.TACT.14mers-nullomers.csv.gz
217	/wynton/home/ahituv/fongsl/dna/hg38/kmers/14mers/ALL.TAGT.14mers-nullomers.csv.gz
218	/wynton/home/ahituv/fongsl/dna/hg38/kmers/14mers/ALL.GGCC.14mers-nullomers.csv.gz
219	/wynton/home/ahituv/fongsl/dna/hg38/kmers/14mers/ALL.TTTA.14mers-nullomers.csv.gz
220	/wynton/home/ahituv/fongsl/dna/hg38/kmers/14mers/ALL.CGAC.14mers-nullomers.csv.gz
221	/wynton/home/ahituv/fongsl/dna/hg38/kmers/14mers/ALL.GAGG.14mers-nullomers.csv.gz
222	/wynton/home/ahituv/fongsl/dna/hg38/kmers/14mers/ALL.TCAG.14mers-nullomers.csv.gz
223	/wynton/home/ahituv/fongsl/dna/hg38/kmers/14mers/ALL.TCGA.14mers-nullomers.csv.gz
224	/wynton/home/ahituv/fongsl/dna/hg38/kmers/14mers/ALL.CGCT.14mers-nullomers.csv.gz
225	/wynton/home/ahituv/fongsl/dna/hg38/kmers/14mers/ALL.GCTG.14mers-nullomers.csv.gz
226	/wynton/home/ahituv/fongsl/dna/hg38/kmers/14mers/ALL.TCGC.14mers-nullomers.csv.gz
227	/wynton/home/ahituv/fongsl/dna/hg38/kmers/14mers/ALL.TTGA.14mers-nullomers.csv.gz
228	/wynton/home/ahituv/fongsl/dna/hg38/kmers/14mers/ALL.GGCG.14mers-nullomers.csv.gz
229	/wynton/home/ahituv/fongsl/dna/hg38/kmers/14mers/ALL.TATC.14mers-nullomers.csv.gz
230	/wynton/home/ahituv/fongsl/dna/hg38/kmers/14mers/ALL.GTAA.14mers-nullomers.csv.gz
231	/wynton/home/ahituv/fongsl/dna/hg38/kmers/14mers/ALL.GTCT.14mers-nullomers.csv.gz
232	/wynton/home/ahituv/fongsl/dna/hg38/kmers/14mers/ALL.TGAC.14mers-nullomers.csv.gz
233	/wynton/home/ahituv/fongsl/dna/hg38/kmers/14mers/ALL.TGCC.14mers-nullomers.csv.gz
234	/wynton/home/ahituv/fongsl/dna/hg38/kmers/14mers/ALL.GGTT.14mers-nullomers.csv.gz
235	/wynton/home/ahituv/fongsl/dna/hg38/kmers/14mers/ALL.GTAC.14mers-nullomers.csv.gz
236	/wynton/home/ahituv/fongsl/dna/hg38/kmers/14mers/ALL.GGGA.14mers-nullomers.csv.gz
237	/wynton/home/ahituv/fongsl/dna/hg38/kmers/14mers/ALL.GGTG.14mers-nullomers.csv.gz
238	/wynton/home/ahituv/fongsl/dna/hg38/kmers/14mers/ALL.TCGG.14mers-nullomers.csv.gz
239	/wynton/home/ahituv/fongsl/dna/hg38/kmers/14mers/ALL.TGCA.14mers-nullomers.csv.gz
240	/wynton/home/ahituv/fongsl/dna/hg38/kmers/14mers/ALL.AAGT.14mers-nullomers.csv.gz
241	/wynton/home/ahituv/fongsl/dna/hg38/kmers/14mers/ALL.TCCC.14mers-nullomers.csv.gz
242	/wynton/home/ahituv/fongsl/dna/hg38/kmers/14mers/ALL.GTAG.14mers-nullomers.csv.gz
243	/wynton/home/ahituv/fongsl/dna/hg38/kmers/14mers/ALL.GTCA.14mers-nullomers.csv.gz
244	/wynton/home/ahituv/fongsl/dna/hg38/kmers/14mers/ALL.TAGA.14mers-nullomers.csv.gz
245	/wynton/home/ahituv/fongsl/dna/hg38/kmers/14mers/ALL.TGGA.14mers-nullomers.csv.gz
246	/wynton/home/ahituv/fongsl/dna/hg38/kmers/14mers/ALL.AAGG.14mers-nullomers.csv.gz
247	/wynton/home/ahituv/fongsl/dna/hg38/kmers/14mers/ALL.GCTT.14mers-nullomers.csv.gz
248	/wynton/home/ahituv/fongsl/dna/hg38/kmers/14mers/ALL.TACC.14mers-nullomers.csv.gz
249	/wynton/home/ahituv/fongsl/dna/hg38/kmers/14mers/ALL.TAGG.14mers-nullomers.csv.gz
250	/wynton/home/ahituv/fongsl/dna/hg38/kmers/14mers/ALL.TCTG.14mers-nullomers.csv.gz
251	/wynton/home/ahituv/fongsl/dna/hg38/kmers/14mers/ALL.CCTT.14mers-nullomers.csv.gz
252	/wynton/home/ahituv/fongsl/dna/hg38/kmers/14mers/ALL.CGAA.14mers-nullomers.csv.gz
253	/wynton/home/ahituv/fongsl/dna/hg38/kmers/14mers/ALL.CGTC.14mers-nullomers.csv.gz
254	/wynton/home/ahituv/fongsl/dna/hg38/kmers/14mers/ALL.GTAT.14mers-nullomers.csv.gz
255	/wynton/home/ahituv/fongsl/dna/hg38/kmers/14mers/ALL.AAAT.14mers-nullomers.csv.gz
256	/wynton/home/ahituv/fongsl/dna/hg38/kmers/14mers/ALL.AAAA.14mers-nullomers.csv.gz
