1	/wynton/home/ahituv/fongsl/dna/hs1/kmers/18mers/ALL.TGTTG.18mers-nullomers.csv.gz	TGTTG
2	/wynton/home/ahituv/fongsl/dna/hs1/kmers/18mers/ALL.ATCTC.18mers-nullomers.csv.gz	ATCTC
3	/wynton/home/ahituv/fongsl/dna/hs1/kmers/18mers/ALL.AAGAC.18mers-nullomers.csv.gz	AAGAC
4	/wynton/home/ahituv/fongsl/dna/hs1/kmers/18mers/ALL.TAGAA.18mers-nullomers.csv.gz	TAGAA
5	/wynton/home/ahituv/fongsl/dna/hs1/kmers/18mers/ALL.AATTT.18mers-nullomers.csv.gz	AATTT
6	/wynton/home/ahituv/fongsl/dna/hs1/kmers/18mers/ALL.TAACG.18mers-nullomers.csv.gz	TAACG
7	/wynton/home/ahituv/fongsl/dna/hs1/kmers/18mers/ALL.TACTA.18mers-nullomers.csv.gz	TACTA
8	/wynton/home/ahituv/fongsl/dna/hs1/kmers/18mers/ALL.CAGTA.18mers-nullomers.csv.gz	CAGTA
9	/wynton/home/ahituv/fongsl/dna/hs1/kmers/18mers/ALL.TATTT.18mers-nullomers.csv.gz	TATTT
10	/wynton/home/ahituv/fongsl/dna/hs1/kmers/18mers/ALL.GACAC.18mers-nullomers.csv.gz	GACAC
11	/wynton/home/ahituv/fongsl/dna/hs1/kmers/18mers/ALL.GGCGT.18mers-nullomers.csv.gz	GGCGT
12	/wynton/home/ahituv/fongsl/dna/hs1/kmers/18mers/ALL.GCTAC.18mers-nullomers.csv.gz	GCTAC
13	/wynton/home/ahituv/fongsl/dna/hs1/kmers/18mers/ALL.CTTTC.18mers-nullomers.csv.gz	CTTTC
14	/wynton/home/ahituv/fongsl/dna/hs1/kmers/18mers/ALL.GGACT.18mers-nullomers.csv.gz	GGACT
15	/wynton/home/ahituv/fongsl/dna/hs1/kmers/18mers/ALL.TGAGG.18mers-nullomers.csv.gz	TGAGG
16	/wynton/home/ahituv/fongsl/dna/hs1/kmers/18mers/ALL.GAATA.18mers-nullomers.csv.gz	GAATA
17	/wynton/home/ahituv/fongsl/dna/hs1/kmers/18mers/ALL.CTACT.18mers-nullomers.csv.gz	CTACT
18	/wynton/home/ahituv/fongsl/dna/hs1/kmers/18mers/ALL.GTGGC.18mers-nullomers.csv.gz	GTGGC
19	/wynton/home/ahituv/fongsl/dna/hs1/kmers/18mers/ALL.CCGGA.18mers-nullomers.csv.gz	CCGGA
20	/wynton/home/ahituv/fongsl/dna/hs1/kmers/18mers/ALL.ATAAC.18mers-nullomers.csv.gz	ATAAC
21	/wynton/home/ahituv/fongsl/dna/hs1/kmers/18mers/ALL.ATGTG.18mers-nullomers.csv.gz	ATGTG
22	/wynton/home/ahituv/fongsl/dna/hs1/kmers/18mers/ALL.GTAAA.18mers-nullomers.csv.gz	GTAAA
23	/wynton/home/ahituv/fongsl/dna/hs1/kmers/18mers/ALL.TACAT.18mers-nullomers.csv.gz	TACAT
24	/wynton/home/ahituv/fongsl/dna/hs1/kmers/18mers/ALL.CAATT.18mers-nullomers.csv.gz	CAATT
25	/wynton/home/ahituv/fongsl/dna/hs1/kmers/18mers/ALL.ATCTA.18mers-nullomers.csv.gz	ATCTA
26	/wynton/home/ahituv/fongsl/dna/hs1/kmers/18mers/ALL.GTCTA.18mers-nullomers.csv.gz	GTCTA
27	/wynton/home/ahituv/fongsl/dna/hs1/kmers/18mers/ALL.ATACC.18mers-nullomers.csv.gz	ATACC
28	/wynton/home/ahituv/fongsl/dna/hs1/kmers/18mers/ALL.AACGG.18mers-nullomers.csv.gz	AACGG
29	/wynton/home/ahituv/fongsl/dna/hs1/kmers/18mers/ALL.CTACA.18mers-nullomers.csv.gz	CTACA
30	/wynton/home/ahituv/fongsl/dna/hs1/kmers/18mers/ALL.AAATC.18mers-nullomers.csv.gz	AAATC
31	/wynton/home/ahituv/fongsl/dna/hs1/kmers/18mers/ALL.CCTTT.18mers-nullomers.csv.gz	CCTTT
32	/wynton/home/ahituv/fongsl/dna/hs1/kmers/18mers/ALL.GGAAT.18mers-nullomers.csv.gz	GGAAT
33	/wynton/home/ahituv/fongsl/dna/hs1/kmers/18mers/ALL.GAGGG.18mers-nullomers.csv.gz	GAGGG
34	/wynton/home/ahituv/fongsl/dna/hs1/kmers/18mers/ALL.ACAGT.18mers-nullomers.csv.gz	ACAGT
35	/wynton/home/ahituv/fongsl/dna/hs1/kmers/18mers/ALL.TGGGG.18mers-nullomers.csv.gz	TGGGG
36	/wynton/home/ahituv/fongsl/dna/hs1/kmers/18mers/ALL.TTATG.18mers-nullomers.csv.gz	TTATG
37	/wynton/home/ahituv/fongsl/dna/hs1/kmers/18mers/ALL.TGGGC.18mers-nullomers.csv.gz	TGGGC
38	/wynton/home/ahituv/fongsl/dna/hs1/kmers/18mers/ALL.CGTCC.18mers-nullomers.csv.gz	CGTCC
39	/wynton/home/ahituv/fongsl/dna/hs1/kmers/18mers/ALL.ACCGC.18mers-nullomers.csv.gz	ACCGC
40	/wynton/home/ahituv/fongsl/dna/hs1/kmers/18mers/ALL.AGCCG.18mers-nullomers.csv.gz	AGCCG
41	/wynton/home/ahituv/fongsl/dna/hs1/kmers/18mers/ALL.GGGCA.18mers-nullomers.csv.gz	GGGCA
42	/wynton/home/ahituv/fongsl/dna/hs1/kmers/18mers/ALL.GGGCG.18mers-nullomers.csv.gz	GGGCG
43	/wynton/home/ahituv/fongsl/dna/hs1/kmers/18mers/ALL.TAGCA.18mers-nullomers.csv.gz	TAGCA
44	/wynton/home/ahituv/fongsl/dna/hs1/kmers/18mers/ALL.TCCGA.18mers-nullomers.csv.gz	TCCGA
45	/wynton/home/ahituv/fongsl/dna/hs1/kmers/18mers/ALL.CGGCC.18mers-nullomers.csv.gz	CGGCC
46	/wynton/home/ahituv/fongsl/dna/hs1/kmers/18mers/ALL.GTTGT.18mers-nullomers.csv.gz	GTTGT
47	/wynton/home/ahituv/fongsl/dna/hs1/kmers/18mers/ALL.TCGAG.18mers-nullomers.csv.gz	TCGAG
48	/wynton/home/ahituv/fongsl/dna/hs1/kmers/18mers/ALL.CTTCA.18mers-nullomers.csv.gz	CTTCA
49	/wynton/home/ahituv/fongsl/dna/hs1/kmers/18mers/ALL.CGGGT.18mers-nullomers.csv.gz	CGGGT
50	/wynton/home/ahituv/fongsl/dna/hs1/kmers/18mers/ALL.GGAGC.18mers-nullomers.csv.gz	GGAGC
51	/wynton/home/ahituv/fongsl/dna/hs1/kmers/18mers/ALL.TTAAG.18mers-nullomers.csv.gz	TTAAG
52	/wynton/home/ahituv/fongsl/dna/hs1/kmers/18mers/ALL.GGTAC.18mers-nullomers.csv.gz	GGTAC
53	/wynton/home/ahituv/fongsl/dna/hs1/kmers/18mers/ALL.GTTAT.18mers-nullomers.csv.gz	GTTAT
54	/wynton/home/ahituv/fongsl/dna/hs1/kmers/18mers/ALL.GACTG.18mers-nullomers.csv.gz	GACTG
55	/wynton/home/ahituv/fongsl/dna/hs1/kmers/18mers/ALL.GCAAC.18mers-nullomers.csv.gz	GCAAC
56	/wynton/home/ahituv/fongsl/dna/hs1/kmers/18mers/ALL.TGCAC.18mers-nullomers.csv.gz	TGCAC
57	/wynton/home/ahituv/fongsl/dna/hs1/kmers/18mers/ALL.GTGTG.18mers-nullomers.csv.gz	GTGTG
58	/wynton/home/ahituv/fongsl/dna/hs1/kmers/18mers/ALL.CACAG.18mers-nullomers.csv.gz	CACAG
59	/wynton/home/ahituv/fongsl/dna/hs1/kmers/18mers/ALL.GAGTA.18mers-nullomers.csv.gz	GAGTA
60	/wynton/home/ahituv/fongsl/dna/hs1/kmers/18mers/ALL.CCCAG.18mers-nullomers.csv.gz	CCCAG
61	/wynton/home/ahituv/fongsl/dna/hs1/kmers/18mers/ALL.CCTCG.18mers-nullomers.csv.gz	CCTCG
62	/wynton/home/ahituv/fongsl/dna/hs1/kmers/18mers/ALL.CTCAG.18mers-nullomers.csv.gz	CTCAG
63	/wynton/home/ahituv/fongsl/dna/hs1/kmers/18mers/ALL.TCTGC.18mers-nullomers.csv.gz	TCTGC
64	/wynton/home/ahituv/fongsl/dna/hs1/kmers/18mers/ALL.AGAAC.18mers-nullomers.csv.gz	AGAAC
65	/wynton/home/ahituv/fongsl/dna/hs1/kmers/18mers/ALL.CATTA.18mers-nullomers.csv.gz	CATTA
66	/wynton/home/ahituv/fongsl/dna/hs1/kmers/18mers/ALL.GACCG.18mers-nullomers.csv.gz	GACCG
67	/wynton/home/ahituv/fongsl/dna/hs1/kmers/18mers/ALL.GACAA.18mers-nullomers.csv.gz	GACAA
68	/wynton/home/ahituv/fongsl/dna/hs1/kmers/18mers/ALL.AAGTG.18mers-nullomers.csv.gz	AAGTG
69	/wynton/home/ahituv/fongsl/dna/hs1/kmers/18mers/ALL.CATGT.18mers-nullomers.csv.gz	CATGT
70	/wynton/home/ahituv/fongsl/dna/hs1/kmers/18mers/ALL.CAAAA.18mers-nullomers.csv.gz	CAAAA
71	/wynton/home/ahituv/fongsl/dna/hs1/kmers/18mers/ALL.GCACC.18mers-nullomers.csv.gz	GCACC
72	/wynton/home/ahituv/fongsl/dna/hs1/kmers/18mers/ALL.CATCA.18mers-nullomers.csv.gz	CATCA
73	/wynton/home/ahituv/fongsl/dna/hs1/kmers/18mers/ALL.TGATG.18mers-nullomers.csv.gz	TGATG
74	/wynton/home/ahituv/fongsl/dna/hs1/kmers/18mers/ALL.TGCCT.18mers-nullomers.csv.gz	TGCCT
75	/wynton/home/ahituv/fongsl/dna/hs1/kmers/18mers/ALL.CATCC.18mers-nullomers.csv.gz	CATCC
76	/wynton/home/ahituv/fongsl/dna/hs1/kmers/18mers/ALL.ACGTT.18mers-nullomers.csv.gz	ACGTT
77	/wynton/home/ahituv/fongsl/dna/hs1/kmers/18mers/ALL.TTTCT.18mers-nullomers.csv.gz	TTTCT
78	/wynton/home/ahituv/fongsl/dna/hs1/kmers/18mers/ALL.GTTGG.18mers-nullomers.csv.gz	GTTGG
79	/wynton/home/ahituv/fongsl/dna/hs1/kmers/18mers/ALL.CCTGG.18mers-nullomers.csv.gz	CCTGG
80	/wynton/home/ahituv/fongsl/dna/hs1/kmers/18mers/ALL.TAAAA.18mers-nullomers.csv.gz	TAAAA
81	/wynton/home/ahituv/fongsl/dna/hs1/kmers/18mers/ALL.TTATT.18mers-nullomers.csv.gz	TTATT
82	/wynton/home/ahituv/fongsl/dna/hs1/kmers/18mers/ALL.GGTCC.18mers-nullomers.csv.gz	GGTCC
83	/wynton/home/ahituv/fongsl/dna/hs1/kmers/18mers/ALL.GATAC.18mers-nullomers.csv.gz	GATAC
84	/wynton/home/ahituv/fongsl/dna/hs1/kmers/18mers/ALL.TGTTC.18mers-nullomers.csv.gz	TGTTC
85	/wynton/home/ahituv/fongsl/dna/hs1/kmers/18mers/ALL.TTTTG.18mers-nullomers.csv.gz	TTTTG
86	/wynton/home/ahituv/fongsl/dna/hs1/kmers/18mers/ALL.GCATA.18mers-nullomers.csv.gz	GCATA
87	/wynton/home/ahituv/fongsl/dna/hs1/kmers/18mers/ALL.TCTGA.18mers-nullomers.csv.gz	TCTGA
88	/wynton/home/ahituv/fongsl/dna/hs1/kmers/18mers/ALL.CGGCT.18mers-nullomers.csv.gz	CGGCT
89	/wynton/home/ahituv/fongsl/dna/hs1/kmers/18mers/ALL.GCTTA.18mers-nullomers.csv.gz	GCTTA
90	/wynton/home/ahituv/fongsl/dna/hs1/kmers/18mers/ALL.AGAGA.18mers-nullomers.csv.gz	AGAGA
91	/wynton/home/ahituv/fongsl/dna/hs1/kmers/18mers/ALL.CGGAG.18mers-nullomers.csv.gz	CGGAG
92	/wynton/home/ahituv/fongsl/dna/hs1/kmers/18mers/ALL.AGTCG.18mers-nullomers.csv.gz	AGTCG
93	/wynton/home/ahituv/fongsl/dna/hs1/kmers/18mers/ALL.CTGGT.18mers-nullomers.csv.gz	CTGGT
94	/wynton/home/ahituv/fongsl/dna/hs1/kmers/18mers/ALL.ACCAA.18mers-nullomers.csv.gz	ACCAA
95	/wynton/home/ahituv/fongsl/dna/hs1/kmers/18mers/ALL.TTCAT.18mers-nullomers.csv.gz	TTCAT
96	/wynton/home/ahituv/fongsl/dna/hs1/kmers/18mers/ALL.GGTAT.18mers-nullomers.csv.gz	GGTAT
97	/wynton/home/ahituv/fongsl/dna/hs1/kmers/18mers/ALL.GCGAA.18mers-nullomers.csv.gz	GCGAA
98	/wynton/home/ahituv/fongsl/dna/hs1/kmers/18mers/ALL.TGTGC.18mers-nullomers.csv.gz	TGTGC
99	/wynton/home/ahituv/fongsl/dna/hs1/kmers/18mers/ALL.ATTGT.18mers-nullomers.csv.gz	ATTGT
100	/wynton/home/ahituv/fongsl/dna/hs1/kmers/18mers/ALL.AACTC.18mers-nullomers.csv.gz	AACTC
101	/wynton/home/ahituv/fongsl/dna/hs1/kmers/18mers/ALL.AATAT.18mers-nullomers.csv.gz	AATAT
102	/wynton/home/ahituv/fongsl/dna/hs1/kmers/18mers/ALL.TCACG.18mers-nullomers.csv.gz	TCACG
103	/wynton/home/ahituv/fongsl/dna/hs1/kmers/18mers/ALL.AGATG.18mers-nullomers.csv.gz	AGATG
104	/wynton/home/ahituv/fongsl/dna/hs1/kmers/18mers/ALL.ATCCA.18mers-nullomers.csv.gz	ATCCA
105	/wynton/home/ahituv/fongsl/dna/hs1/kmers/18mers/ALL.GTAGG.18mers-nullomers.csv.gz	GTAGG
106	/wynton/home/ahituv/fongsl/dna/hs1/kmers/18mers/ALL.CGTCT.18mers-nullomers.csv.gz	CGTCT
107	/wynton/home/ahituv/fongsl/dna/hs1/kmers/18mers/ALL.GTTAA.18mers-nullomers.csv.gz	GTTAA
108	/wynton/home/ahituv/fongsl/dna/hs1/kmers/18mers/ALL.CTAGT.18mers-nullomers.csv.gz	CTAGT
109	/wynton/home/ahituv/fongsl/dna/hs1/kmers/18mers/ALL.CTCAC.18mers-nullomers.csv.gz	CTCAC
110	/wynton/home/ahituv/fongsl/dna/hs1/kmers/18mers/ALL.CCCCA.18mers-nullomers.csv.gz	CCCCA
111	/wynton/home/ahituv/fongsl/dna/hs1/kmers/18mers/ALL.GGGCC.18mers-nullomers.csv.gz	GGGCC
112	/wynton/home/ahituv/fongsl/dna/hs1/kmers/18mers/ALL.CGTTG.18mers-nullomers.csv.gz	CGTTG
113	/wynton/home/ahituv/fongsl/dna/hs1/kmers/18mers/ALL.TTGAC.18mers-nullomers.csv.gz	TTGAC
114	/wynton/home/ahituv/fongsl/dna/hs1/kmers/18mers/ALL.GTGCT.18mers-nullomers.csv.gz	GTGCT
115	/wynton/home/ahituv/fongsl/dna/hs1/kmers/18mers/ALL.AGGTT.18mers-nullomers.csv.gz	AGGTT
116	/wynton/home/ahituv/fongsl/dna/hs1/kmers/18mers/ALL.AGTCA.18mers-nullomers.csv.gz	AGTCA
117	/wynton/home/ahituv/fongsl/dna/hs1/kmers/18mers/ALL.GTCTT.18mers-nullomers.csv.gz	GTCTT
118	/wynton/home/ahituv/fongsl/dna/hs1/kmers/18mers/ALL.GGGTC.18mers-nullomers.csv.gz	GGGTC
119	/wynton/home/ahituv/fongsl/dna/hs1/kmers/18mers/ALL.TAAGA.18mers-nullomers.csv.gz	TAAGA
120	/wynton/home/ahituv/fongsl/dna/hs1/kmers/18mers/ALL.TGCAG.18mers-nullomers.csv.gz	TGCAG
121	/wynton/home/ahituv/fongsl/dna/hs1/kmers/18mers/ALL.TGGCC.18mers-nullomers.csv.gz	TGGCC
122	/wynton/home/ahituv/fongsl/dna/hs1/kmers/18mers/ALL.TTCTG.18mers-nullomers.csv.gz	TTCTG
123	/wynton/home/ahituv/fongsl/dna/hs1/kmers/18mers/ALL.TTGGT.18mers-nullomers.csv.gz	TTGGT
124	/wynton/home/ahituv/fongsl/dna/hs1/kmers/18mers/ALL.TTTAC.18mers-nullomers.csv.gz	TTTAC
125	/wynton/home/ahituv/fongsl/dna/hs1/kmers/18mers/ALL.CGGAA.18mers-nullomers.csv.gz	CGGAA
126	/wynton/home/ahituv/fongsl/dna/hs1/kmers/18mers/ALL.ACCTT.18mers-nullomers.csv.gz	ACCTT
127	/wynton/home/ahituv/fongsl/dna/hs1/kmers/18mers/ALL.CTGGC.18mers-nullomers.csv.gz	CTGGC
128	/wynton/home/ahituv/fongsl/dna/hs1/kmers/18mers/ALL.CTTGT.18mers-nullomers.csv.gz	CTTGT
129	/wynton/home/ahituv/fongsl/dna/hs1/kmers/18mers/ALL.TCATC.18mers-nullomers.csv.gz	TCATC
130	/wynton/home/ahituv/fongsl/dna/hs1/kmers/18mers/ALL.ATCTT.18mers-nullomers.csv.gz	ATCTT
131	/wynton/home/ahituv/fongsl/dna/hs1/kmers/18mers/ALL.GCCTA.18mers-nullomers.csv.gz	GCCTA
132	/wynton/home/ahituv/fongsl/dna/hs1/kmers/18mers/ALL.GACAT.18mers-nullomers.csv.gz	GACAT
133	/wynton/home/ahituv/fongsl/dna/hs1/kmers/18mers/ALL.CTCCT.18mers-nullomers.csv.gz	CTCCT
134	/wynton/home/ahituv/fongsl/dna/hs1/kmers/18mers/ALL.ATGGG.18mers-nullomers.csv.gz	ATGGG
135	/wynton/home/ahituv/fongsl/dna/hs1/kmers/18mers/ALL.TATGG.18mers-nullomers.csv.gz	TATGG
136	/wynton/home/ahituv/fongsl/dna/hs1/kmers/18mers/ALL.CAGAC.18mers-nullomers.csv.gz	CAGAC
137	/wynton/home/ahituv/fongsl/dna/hs1/kmers/18mers/ALL.CGCGC.18mers-nullomers.csv.gz	CGCGC
138	/wynton/home/ahituv/fongsl/dna/hs1/kmers/18mers/ALL.TTTTA.18mers-nullomers.csv.gz	TTTTA
139	/wynton/home/ahituv/fongsl/dna/hs1/kmers/18mers/ALL.TGCAA.18mers-nullomers.csv.gz	TGCAA
140	/wynton/home/ahituv/fongsl/dna/hs1/kmers/18mers/ALL.TCGGC.18mers-nullomers.csv.gz	TCGGC
141	/wynton/home/ahituv/fongsl/dna/hs1/kmers/18mers/ALL.CGATG.18mers-nullomers.csv.gz	CGATG
142	/wynton/home/ahituv/fongsl/dna/hs1/kmers/18mers/ALL.AGTCC.18mers-nullomers.csv.gz	AGTCC
143	/wynton/home/ahituv/fongsl/dna/hs1/kmers/18mers/ALL.CCTTA.18mers-nullomers.csv.gz	CCTTA
144	/wynton/home/ahituv/fongsl/dna/hs1/kmers/18mers/ALL.TTCTC.18mers-nullomers.csv.gz	TTCTC
145	/wynton/home/ahituv/fongsl/dna/hs1/kmers/18mers/ALL.CCTAA.18mers-nullomers.csv.gz	CCTAA
146	/wynton/home/ahituv/fongsl/dna/hs1/kmers/18mers/ALL.TGATA.18mers-nullomers.csv.gz	TGATA
147	/wynton/home/ahituv/fongsl/dna/hs1/kmers/18mers/ALL.TGCGG.18mers-nullomers.csv.gz	TGCGG
148	/wynton/home/ahituv/fongsl/dna/hs1/kmers/18mers/ALL.TTTCA.18mers-nullomers.csv.gz	TTTCA
149	/wynton/home/ahituv/fongsl/dna/hs1/kmers/18mers/ALL.ATAGT.18mers-nullomers.csv.gz	ATAGT
150	/wynton/home/ahituv/fongsl/dna/hs1/kmers/18mers/ALL.AGACC.18mers-nullomers.csv.gz	AGACC
151	/wynton/home/ahituv/fongsl/dna/hs1/kmers/18mers/ALL.TTGCA.18mers-nullomers.csv.gz	TTGCA
152	/wynton/home/ahituv/fongsl/dna/hs1/kmers/18mers/ALL.GTCCC.18mers-nullomers.csv.gz	GTCCC
153	/wynton/home/ahituv/fongsl/dna/hs1/kmers/18mers/ALL.TCCCG.18mers-nullomers.csv.gz	TCCCG
154	/wynton/home/ahituv/fongsl/dna/hs1/kmers/18mers/ALL.CTATA.18mers-nullomers.csv.gz	CTATA
155	/wynton/home/ahituv/fongsl/dna/hs1/kmers/18mers/ALL.CCTCT.18mers-nullomers.csv.gz	CCTCT
156	/wynton/home/ahituv/fongsl/dna/hs1/kmers/18mers/ALL.GAACT.18mers-nullomers.csv.gz	GAACT
157	/wynton/home/ahituv/fongsl/dna/hs1/kmers/18mers/ALL.CAGTT.18mers-nullomers.csv.gz	CAGTT
158	/wynton/home/ahituv/fongsl/dna/hs1/kmers/18mers/ALL.ACTTG.18mers-nullomers.csv.gz	ACTTG
159	/wynton/home/ahituv/fongsl/dna/hs1/kmers/18mers/ALL.GATTC.18mers-nullomers.csv.gz	GATTC
160	/wynton/home/ahituv/fongsl/dna/hs1/kmers/18mers/ALL.CCATG.18mers-nullomers.csv.gz	CCATG
161	/wynton/home/ahituv/fongsl/dna/hs1/kmers/18mers/ALL.CTTTT.18mers-nullomers.csv.gz	CTTTT
162	/wynton/home/ahituv/fongsl/dna/hs1/kmers/18mers/ALL.GAATG.18mers-nullomers.csv.gz	GAATG
163	/wynton/home/ahituv/fongsl/dna/hs1/kmers/18mers/ALL.CGGTT.18mers-nullomers.csv.gz	CGGTT
164	/wynton/home/ahituv/fongsl/dna/hs1/kmers/18mers/ALL.ATAAG.18mers-nullomers.csv.gz	ATAAG
165	/wynton/home/ahituv/fongsl/dna/hs1/kmers/18mers/ALL.GCCCT.18mers-nullomers.csv.gz	GCCCT
166	/wynton/home/ahituv/fongsl/dna/hs1/kmers/18mers/ALL.GCTAG.18mers-nullomers.csv.gz	GCTAG
167	/wynton/home/ahituv/fongsl/dna/hs1/kmers/18mers/ALL.TTGGC.18mers-nullomers.csv.gz	TTGGC
168	/wynton/home/ahituv/fongsl/dna/hs1/kmers/18mers/ALL.GTATG.18mers-nullomers.csv.gz	GTATG
169	/wynton/home/ahituv/fongsl/dna/hs1/kmers/18mers/ALL.ATGGT.18mers-nullomers.csv.gz	ATGGT
170	/wynton/home/ahituv/fongsl/dna/hs1/kmers/18mers/ALL.AACAA.18mers-nullomers.csv.gz	AACAA
171	/wynton/home/ahituv/fongsl/dna/hs1/kmers/18mers/ALL.GTCTC.18mers-nullomers.csv.gz	GTCTC
172	/wynton/home/ahituv/fongsl/dna/hs1/kmers/18mers/ALL.CGAAC.18mers-nullomers.csv.gz	CGAAC
173	/wynton/home/ahituv/fongsl/dna/hs1/kmers/18mers/ALL.GATAT.18mers-nullomers.csv.gz	GATAT
174	/wynton/home/ahituv/fongsl/dna/hs1/kmers/18mers/ALL.GTCCG.18mers-nullomers.csv.gz	GTCCG
175	/wynton/home/ahituv/fongsl/dna/hs1/kmers/18mers/ALL.GGTGA.18mers-nullomers.csv.gz	GGTGA
176	/wynton/home/ahituv/fongsl/dna/hs1/kmers/18mers/ALL.TGGTG.18mers-nullomers.csv.gz	TGGTG
177	/wynton/home/ahituv/fongsl/dna/hs1/kmers/18mers/ALL.TACGG.18mers-nullomers.csv.gz	TACGG
178	/wynton/home/ahituv/fongsl/dna/hs1/kmers/18mers/ALL.TTTCG.18mers-nullomers.csv.gz	TTTCG
179	/wynton/home/ahituv/fongsl/dna/hs1/kmers/18mers/ALL.GGCAA.18mers-nullomers.csv.gz	GGCAA
180	/wynton/home/ahituv/fongsl/dna/hs1/kmers/18mers/ALL.GTGAT.18mers-nullomers.csv.gz	GTGAT
181	/wynton/home/ahituv/fongsl/dna/hs1/kmers/18mers/ALL.ACCGG.18mers-nullomers.csv.gz	ACCGG
182	/wynton/home/ahituv/fongsl/dna/hs1/kmers/18mers/ALL.CCAAG.18mers-nullomers.csv.gz	CCAAG
183	/wynton/home/ahituv/fongsl/dna/hs1/kmers/18mers/ALL.CATAA.18mers-nullomers.csv.gz	CATAA
184	/wynton/home/ahituv/fongsl/dna/hs1/kmers/18mers/ALL.GGTCT.18mers-nullomers.csv.gz	GGTCT
185	/wynton/home/ahituv/fongsl/dna/hs1/kmers/18mers/ALL.CAGAA.18mers-nullomers.csv.gz	CAGAA
186	/wynton/home/ahituv/fongsl/dna/hs1/kmers/18mers/ALL.GTCGC.18mers-nullomers.csv.gz	GTCGC
187	/wynton/home/ahituv/fongsl/dna/hs1/kmers/18mers/ALL.CCAAT.18mers-nullomers.csv.gz	CCAAT
188	/wynton/home/ahituv/fongsl/dna/hs1/kmers/18mers/ALL.AGTAG.18mers-nullomers.csv.gz	AGTAG
189	/wynton/home/ahituv/fongsl/dna/hs1/kmers/18mers/ALL.GTATC.18mers-nullomers.csv.gz	GTATC
190	/wynton/home/ahituv/fongsl/dna/hs1/kmers/18mers/ALL.CATGA.18mers-nullomers.csv.gz	CATGA
191	/wynton/home/ahituv/fongsl/dna/hs1/kmers/18mers/ALL.ACCGA.18mers-nullomers.csv.gz	ACCGA
192	/wynton/home/ahituv/fongsl/dna/hs1/kmers/18mers/ALL.CTAGA.18mers-nullomers.csv.gz	CTAGA
193	/wynton/home/ahituv/fongsl/dna/hs1/kmers/18mers/ALL.TAAGG.18mers-nullomers.csv.gz	TAAGG
194	/wynton/home/ahituv/fongsl/dna/hs1/kmers/18mers/ALL.ATCGG.18mers-nullomers.csv.gz	ATCGG
195	/wynton/home/ahituv/fongsl/dna/hs1/kmers/18mers/ALL.CGAGC.18mers-nullomers.csv.gz	CGAGC
196	/wynton/home/ahituv/fongsl/dna/hs1/kmers/18mers/ALL.TTCGA.18mers-nullomers.csv.gz	TTCGA
197	/wynton/home/ahituv/fongsl/dna/hs1/kmers/18mers/ALL.AGAAT.18mers-nullomers.csv.gz	AGAAT
198	/wynton/home/ahituv/fongsl/dna/hs1/kmers/18mers/ALL.TATGT.18mers-nullomers.csv.gz	TATGT
199	/wynton/home/ahituv/fongsl/dna/hs1/kmers/18mers/ALL.CGTAT.18mers-nullomers.csv.gz	CGTAT
200	/wynton/home/ahituv/fongsl/dna/hs1/kmers/18mers/ALL.GAAGG.18mers-nullomers.csv.gz	GAAGG
201	/wynton/home/ahituv/fongsl/dna/hs1/kmers/18mers/ALL.ATGCG.18mers-nullomers.csv.gz	ATGCG
202	/wynton/home/ahituv/fongsl/dna/hs1/kmers/18mers/ALL.GTACC.18mers-nullomers.csv.gz	GTACC
203	/wynton/home/ahituv/fongsl/dna/hs1/kmers/18mers/ALL.TGTTT.18mers-nullomers.csv.gz	TGTTT
204	/wynton/home/ahituv/fongsl/dna/hs1/kmers/18mers/ALL.CCATA.18mers-nullomers.csv.gz	CCATA
205	/wynton/home/ahituv/fongsl/dna/hs1/kmers/18mers/ALL.CAACG.18mers-nullomers.csv.gz	CAACG
206	/wynton/home/ahituv/fongsl/dna/hs1/kmers/18mers/ALL.TAGGC.18mers-nullomers.csv.gz	TAGGC
207	/wynton/home/ahituv/fongsl/dna/hs1/kmers/18mers/ALL.TGTCT.18mers-nullomers.csv.gz	TGTCT
208	/wynton/home/ahituv/fongsl/dna/hs1/kmers/18mers/ALL.AAGTT.18mers-nullomers.csv.gz	AAGTT
209	/wynton/home/ahituv/fongsl/dna/hs1/kmers/18mers/ALL.ATCTG.18mers-nullomers.csv.gz	ATCTG
210	/wynton/home/ahituv/fongsl/dna/hs1/kmers/18mers/ALL.TGGGT.18mers-nullomers.csv.gz	TGGGT
211	/wynton/home/ahituv/fongsl/dna/hs1/kmers/18mers/ALL.CCCTG.18mers-nullomers.csv.gz	CCCTG
212	/wynton/home/ahituv/fongsl/dna/hs1/kmers/18mers/ALL.TATTG.18mers-nullomers.csv.gz	TATTG
213	/wynton/home/ahituv/fongsl/dna/hs1/kmers/18mers/ALL.ACTAT.18mers-nullomers.csv.gz	ACTAT
214	/wynton/home/ahituv/fongsl/dna/hs1/kmers/18mers/ALL.CGAAA.18mers-nullomers.csv.gz	CGAAA
215	/wynton/home/ahituv/fongsl/dna/hs1/kmers/18mers/ALL.GCCCA.18mers-nullomers.csv.gz	GCCCA
216	/wynton/home/ahituv/fongsl/dna/hs1/kmers/18mers/ALL.GCTGC.18mers-nullomers.csv.gz	GCTGC
217	/wynton/home/ahituv/fongsl/dna/hs1/kmers/18mers/ALL.AAGGC.18mers-nullomers.csv.gz	AAGGC
218	/wynton/home/ahituv/fongsl/dna/hs1/kmers/18mers/ALL.ATCAC.18mers-nullomers.csv.gz	ATCAC
219	/wynton/home/ahituv/fongsl/dna/hs1/kmers/18mers/ALL.TTTGA.18mers-nullomers.csv.gz	TTTGA
220	/wynton/home/ahituv/fongsl/dna/hs1/kmers/18mers/ALL.GATCT.18mers-nullomers.csv.gz	GATCT
221	/wynton/home/ahituv/fongsl/dna/hs1/kmers/18mers/ALL.TCCTG.18mers-nullomers.csv.gz	TCCTG
222	/wynton/home/ahituv/fongsl/dna/hs1/kmers/18mers/ALL.ACGAA.18mers-nullomers.csv.gz	ACGAA
223	/wynton/home/ahituv/fongsl/dna/hs1/kmers/18mers/ALL.AAGTA.18mers-nullomers.csv.gz	AAGTA
224	/wynton/home/ahituv/fongsl/dna/hs1/kmers/18mers/ALL.GGACC.18mers-nullomers.csv.gz	GGACC
225	/wynton/home/ahituv/fongsl/dna/hs1/kmers/18mers/ALL.TGATT.18mers-nullomers.csv.gz	TGATT
226	/wynton/home/ahituv/fongsl/dna/hs1/kmers/18mers/ALL.GACTC.18mers-nullomers.csv.gz	GACTC
227	/wynton/home/ahituv/fongsl/dna/hs1/kmers/18mers/ALL.CATAC.18mers-nullomers.csv.gz	CATAC
228	/wynton/home/ahituv/fongsl/dna/hs1/kmers/18mers/ALL.GCACA.18mers-nullomers.csv.gz	GCACA
229	/wynton/home/ahituv/fongsl/dna/hs1/kmers/18mers/ALL.ATGAG.18mers-nullomers.csv.gz	ATGAG
230	/wynton/home/ahituv/fongsl/dna/hs1/kmers/18mers/ALL.CTACC.18mers-nullomers.csv.gz	CTACC
231	/wynton/home/ahituv/fongsl/dna/hs1/kmers/18mers/ALL.TGACC.18mers-nullomers.csv.gz	TGACC
232	/wynton/home/ahituv/fongsl/dna/hs1/kmers/18mers/ALL.GACGT.18mers-nullomers.csv.gz	GACGT
233	/wynton/home/ahituv/fongsl/dna/hs1/kmers/18mers/ALL.CCGAT.18mers-nullomers.csv.gz	CCGAT
234	/wynton/home/ahituv/fongsl/dna/hs1/kmers/18mers/ALL.CGGTA.18mers-nullomers.csv.gz	CGGTA
235	/wynton/home/ahituv/fongsl/dna/hs1/kmers/18mers/ALL.TGTCC.18mers-nullomers.csv.gz	TGTCC
236	/wynton/home/ahituv/fongsl/dna/hs1/kmers/18mers/ALL.GATGT.18mers-nullomers.csv.gz	GATGT
237	/wynton/home/ahituv/fongsl/dna/hs1/kmers/18mers/ALL.AATTG.18mers-nullomers.csv.gz	AATTG
238	/wynton/home/ahituv/fongsl/dna/hs1/kmers/18mers/ALL.GGAGA.18mers-nullomers.csv.gz	GGAGA
239	/wynton/home/ahituv/fongsl/dna/hs1/kmers/18mers/ALL.GCCTG.18mers-nullomers.csv.gz	GCCTG
240	/wynton/home/ahituv/fongsl/dna/hs1/kmers/18mers/ALL.AACTG.18mers-nullomers.csv.gz	AACTG
241	/wynton/home/ahituv/fongsl/dna/hs1/kmers/18mers/ALL.ATATA.18mers-nullomers.csv.gz	ATATA
242	/wynton/home/ahituv/fongsl/dna/hs1/kmers/18mers/ALL.AGTTT.18mers-nullomers.csv.gz	AGTTT
243	/wynton/home/ahituv/fongsl/dna/hs1/kmers/18mers/ALL.CGCAA.18mers-nullomers.csv.gz	CGCAA
244	/wynton/home/ahituv/fongsl/dna/hs1/kmers/18mers/ALL.TAATT.18mers-nullomers.csv.gz	TAATT
245	/wynton/home/ahituv/fongsl/dna/hs1/kmers/18mers/ALL.AGCGG.18mers-nullomers.csv.gz	AGCGG
246	/wynton/home/ahituv/fongsl/dna/hs1/kmers/18mers/ALL.ATAAT.18mers-nullomers.csv.gz	ATAAT
247	/wynton/home/ahituv/fongsl/dna/hs1/kmers/18mers/ALL.TCAAG.18mers-nullomers.csv.gz	TCAAG
248	/wynton/home/ahituv/fongsl/dna/hs1/kmers/18mers/ALL.TCGCG.18mers-nullomers.csv.gz	TCGCG
249	/wynton/home/ahituv/fongsl/dna/hs1/kmers/18mers/ALL.TGACG.18mers-nullomers.csv.gz	TGACG
250	/wynton/home/ahituv/fongsl/dna/hs1/kmers/18mers/ALL.GGGAT.18mers-nullomers.csv.gz	GGGAT
251	/wynton/home/ahituv/fongsl/dna/hs1/kmers/18mers/ALL.AAGCC.18mers-nullomers.csv.gz	AAGCC
252	/wynton/home/ahituv/fongsl/dna/hs1/kmers/18mers/ALL.CTTAA.18mers-nullomers.csv.gz	CTTAA
253	/wynton/home/ahituv/fongsl/dna/hs1/kmers/18mers/ALL.ATACT.18mers-nullomers.csv.gz	ATACT
254	/wynton/home/ahituv/fongsl/dna/hs1/kmers/18mers/ALL.GCGGG.18mers-nullomers.csv.gz	GCGGG
255	/wynton/home/ahituv/fongsl/dna/hs1/kmers/18mers/ALL.TCTTC.18mers-nullomers.csv.gz	TCTTC
256	/wynton/home/ahituv/fongsl/dna/hs1/kmers/18mers/ALL.AACTA.18mers-nullomers.csv.gz	AACTA
257	/wynton/home/ahituv/fongsl/dna/hs1/kmers/18mers/ALL.GTCCT.18mers-nullomers.csv.gz	GTCCT
258	/wynton/home/ahituv/fongsl/dna/hs1/kmers/18mers/ALL.TAGTC.18mers-nullomers.csv.gz	TAGTC
259	/wynton/home/ahituv/fongsl/dna/hs1/kmers/18mers/ALL.TTCGT.18mers-nullomers.csv.gz	TTCGT
260	/wynton/home/ahituv/fongsl/dna/hs1/kmers/18mers/ALL.GACTT.18mers-nullomers.csv.gz	GACTT
261	/wynton/home/ahituv/fongsl/dna/hs1/kmers/18mers/ALL.AAATG.18mers-nullomers.csv.gz	AAATG
262	/wynton/home/ahituv/fongsl/dna/hs1/kmers/18mers/ALL.ATTAT.18mers-nullomers.csv.gz	ATTAT
263	/wynton/home/ahituv/fongsl/dna/hs1/kmers/18mers/ALL.CTGTA.18mers-nullomers.csv.gz	CTGTA
264	/wynton/home/ahituv/fongsl/dna/hs1/kmers/18mers/ALL.GGCTG.18mers-nullomers.csv.gz	GGCTG
265	/wynton/home/ahituv/fongsl/dna/hs1/kmers/18mers/ALL.CCGCC.18mers-nullomers.csv.gz	CCGCC
266	/wynton/home/ahituv/fongsl/dna/hs1/kmers/18mers/ALL.ACCAT.18mers-nullomers.csv.gz	ACCAT
267	/wynton/home/ahituv/fongsl/dna/hs1/kmers/18mers/ALL.CTGTC.18mers-nullomers.csv.gz	CTGTC
268	/wynton/home/ahituv/fongsl/dna/hs1/kmers/18mers/ALL.CACAC.18mers-nullomers.csv.gz	CACAC
269	/wynton/home/ahituv/fongsl/dna/hs1/kmers/18mers/ALL.GCGTG.18mers-nullomers.csv.gz	GCGTG
270	/wynton/home/ahituv/fongsl/dna/hs1/kmers/18mers/ALL.GTGTC.18mers-nullomers.csv.gz	GTGTC
271	/wynton/home/ahituv/fongsl/dna/hs1/kmers/18mers/ALL.GGCTA.18mers-nullomers.csv.gz	GGCTA
272	/wynton/home/ahituv/fongsl/dna/hs1/kmers/18mers/ALL.AATAC.18mers-nullomers.csv.gz	AATAC
273	/wynton/home/ahituv/fongsl/dna/hs1/kmers/18mers/ALL.ACGGC.18mers-nullomers.csv.gz	ACGGC
274	/wynton/home/ahituv/fongsl/dna/hs1/kmers/18mers/ALL.TATGC.18mers-nullomers.csv.gz	TATGC
275	/wynton/home/ahituv/fongsl/dna/hs1/kmers/18mers/ALL.TGTGG.18mers-nullomers.csv.gz	TGTGG
276	/wynton/home/ahituv/fongsl/dna/hs1/kmers/18mers/ALL.ATGAA.18mers-nullomers.csv.gz	ATGAA
277	/wynton/home/ahituv/fongsl/dna/hs1/kmers/18mers/ALL.AACGA.18mers-nullomers.csv.gz	AACGA
278	/wynton/home/ahituv/fongsl/dna/hs1/kmers/18mers/ALL.GGCGG.18mers-nullomers.csv.gz	GGCGG
279	/wynton/home/ahituv/fongsl/dna/hs1/kmers/18mers/ALL.CTTCT.18mers-nullomers.csv.gz	CTTCT
280	/wynton/home/ahituv/fongsl/dna/hs1/kmers/18mers/ALL.AACCC.18mers-nullomers.csv.gz	AACCC
281	/wynton/home/ahituv/fongsl/dna/hs1/kmers/18mers/ALL.ACGAT.18mers-nullomers.csv.gz	ACGAT
282	/wynton/home/ahituv/fongsl/dna/hs1/kmers/18mers/ALL.CGTGA.18mers-nullomers.csv.gz	CGTGA
283	/wynton/home/ahituv/fongsl/dna/hs1/kmers/18mers/ALL.TATCC.18mers-nullomers.csv.gz	TATCC
284	/wynton/home/ahituv/fongsl/dna/hs1/kmers/18mers/ALL.GCGCC.18mers-nullomers.csv.gz	GCGCC
285	/wynton/home/ahituv/fongsl/dna/hs1/kmers/18mers/ALL.CGCTG.18mers-nullomers.csv.gz	CGCTG
286	/wynton/home/ahituv/fongsl/dna/hs1/kmers/18mers/ALL.AGGTC.18mers-nullomers.csv.gz	AGGTC
287	/wynton/home/ahituv/fongsl/dna/hs1/kmers/18mers/ALL.TGGTC.18mers-nullomers.csv.gz	TGGTC
288	/wynton/home/ahituv/fongsl/dna/hs1/kmers/18mers/ALL.TTTTC.18mers-nullomers.csv.gz	TTTTC
289	/wynton/home/ahituv/fongsl/dna/hs1/kmers/18mers/ALL.AAAAC.18mers-nullomers.csv.gz	AAAAC
290	/wynton/home/ahituv/fongsl/dna/hs1/kmers/18mers/ALL.TACCG.18mers-nullomers.csv.gz	TACCG
291	/wynton/home/ahituv/fongsl/dna/hs1/kmers/18mers/ALL.TGTAG.18mers-nullomers.csv.gz	TGTAG
292	/wynton/home/ahituv/fongsl/dna/hs1/kmers/18mers/ALL.GGATA.18mers-nullomers.csv.gz	GGATA
293	/wynton/home/ahituv/fongsl/dna/hs1/kmers/18mers/ALL.GGTGT.18mers-nullomers.csv.gz	GGTGT
294	/wynton/home/ahituv/fongsl/dna/hs1/kmers/18mers/ALL.TAAAT.18mers-nullomers.csv.gz	TAAAT
295	/wynton/home/ahituv/fongsl/dna/hs1/kmers/18mers/ALL.GCAAA.18mers-nullomers.csv.gz	GCAAA
296	/wynton/home/ahituv/fongsl/dna/hs1/kmers/18mers/ALL.ATGGC.18mers-nullomers.csv.gz	ATGGC
297	/wynton/home/ahituv/fongsl/dna/hs1/kmers/18mers/ALL.AATGT.18mers-nullomers.csv.gz	AATGT
298	/wynton/home/ahituv/fongsl/dna/hs1/kmers/18mers/ALL.CTTCC.18mers-nullomers.csv.gz	CTTCC
299	/wynton/home/ahituv/fongsl/dna/hs1/kmers/18mers/ALL.ACCAG.18mers-nullomers.csv.gz	ACCAG
300	/wynton/home/ahituv/fongsl/dna/hs1/kmers/18mers/ALL.TCAGC.18mers-nullomers.csv.gz	TCAGC
301	/wynton/home/ahituv/fongsl/dna/hs1/kmers/18mers/ALL.CTGAC.18mers-nullomers.csv.gz	CTGAC
302	/wynton/home/ahituv/fongsl/dna/hs1/kmers/18mers/ALL.AGCAG.18mers-nullomers.csv.gz	AGCAG
303	/wynton/home/ahituv/fongsl/dna/hs1/kmers/18mers/ALL.GGGTA.18mers-nullomers.csv.gz	GGGTA
304	/wynton/home/ahituv/fongsl/dna/hs1/kmers/18mers/ALL.CTGGG.18mers-nullomers.csv.gz	CTGGG
305	/wynton/home/ahituv/fongsl/dna/hs1/kmers/18mers/ALL.AGCTC.18mers-nullomers.csv.gz	AGCTC
306	/wynton/home/ahituv/fongsl/dna/hs1/kmers/18mers/ALL.TCCCT.18mers-nullomers.csv.gz	TCCCT
307	/wynton/home/ahituv/fongsl/dna/hs1/kmers/18mers/ALL.TGTCA.18mers-nullomers.csv.gz	TGTCA
308	/wynton/home/ahituv/fongsl/dna/hs1/kmers/18mers/ALL.ATATC.18mers-nullomers.csv.gz	ATATC
309	/wynton/home/ahituv/fongsl/dna/hs1/kmers/18mers/ALL.ATCAT.18mers-nullomers.csv.gz	ATCAT
310	/wynton/home/ahituv/fongsl/dna/hs1/kmers/18mers/ALL.TGCCA.18mers-nullomers.csv.gz	TGCCA
311	/wynton/home/ahituv/fongsl/dna/hs1/kmers/18mers/ALL.TTATA.18mers-nullomers.csv.gz	TTATA
312	/wynton/home/ahituv/fongsl/dna/hs1/kmers/18mers/ALL.TCCCC.18mers-nullomers.csv.gz	TCCCC
313	/wynton/home/ahituv/fongsl/dna/hs1/kmers/18mers/ALL.CTAAA.18mers-nullomers.csv.gz	CTAAA
314	/wynton/home/ahituv/fongsl/dna/hs1/kmers/18mers/ALL.TCAAC.18mers-nullomers.csv.gz	TCAAC
315	/wynton/home/ahituv/fongsl/dna/hs1/kmers/18mers/ALL.TCGAA.18mers-nullomers.csv.gz	TCGAA
316	/wynton/home/ahituv/fongsl/dna/hs1/kmers/18mers/ALL.GCTTT.18mers-nullomers.csv.gz	GCTTT
317	/wynton/home/ahituv/fongsl/dna/hs1/kmers/18mers/ALL.GCTCT.18mers-nullomers.csv.gz	GCTCT
318	/wynton/home/ahituv/fongsl/dna/hs1/kmers/18mers/ALL.AGTAA.18mers-nullomers.csv.gz	AGTAA
319	/wynton/home/ahituv/fongsl/dna/hs1/kmers/18mers/ALL.GACTA.18mers-nullomers.csv.gz	GACTA
320	/wynton/home/ahituv/fongsl/dna/hs1/kmers/18mers/ALL.TGCGA.18mers-nullomers.csv.gz	TGCGA
321	/wynton/home/ahituv/fongsl/dna/hs1/kmers/18mers/ALL.ATTTG.18mers-nullomers.csv.gz	ATTTG
322	/wynton/home/ahituv/fongsl/dna/hs1/kmers/18mers/ALL.GCACG.18mers-nullomers.csv.gz	GCACG
323	/wynton/home/ahituv/fongsl/dna/hs1/kmers/18mers/ALL.TCCAC.18mers-nullomers.csv.gz	TCCAC
324	/wynton/home/ahituv/fongsl/dna/hs1/kmers/18mers/ALL.GACCC.18mers-nullomers.csv.gz	GACCC
325	/wynton/home/ahituv/fongsl/dna/hs1/kmers/18mers/ALL.TTCAG.18mers-nullomers.csv.gz	TTCAG
326	/wynton/home/ahituv/fongsl/dna/hs1/kmers/18mers/ALL.AGGGA.18mers-nullomers.csv.gz	AGGGA
327	/wynton/home/ahituv/fongsl/dna/hs1/kmers/18mers/ALL.GCGCT.18mers-nullomers.csv.gz	GCGCT
328	/wynton/home/ahituv/fongsl/dna/hs1/kmers/18mers/ALL.TCAGT.18mers-nullomers.csv.gz	TCAGT
329	/wynton/home/ahituv/fongsl/dna/hs1/kmers/18mers/ALL.CCCTC.18mers-nullomers.csv.gz	CCCTC
330	/wynton/home/ahituv/fongsl/dna/hs1/kmers/18mers/ALL.CTGAA.18mers-nullomers.csv.gz	CTGAA
331	/wynton/home/ahituv/fongsl/dna/hs1/kmers/18mers/ALL.AAAGA.18mers-nullomers.csv.gz	AAAGA
332	/wynton/home/ahituv/fongsl/dna/hs1/kmers/18mers/ALL.ATAAA.18mers-nullomers.csv.gz	ATAAA
333	/wynton/home/ahituv/fongsl/dna/hs1/kmers/18mers/ALL.CCCTT.18mers-nullomers.csv.gz	CCCTT
334	/wynton/home/ahituv/fongsl/dna/hs1/kmers/18mers/ALL.GATCA.18mers-nullomers.csv.gz	GATCA
335	/wynton/home/ahituv/fongsl/dna/hs1/kmers/18mers/ALL.CCCCC.18mers-nullomers.csv.gz	CCCCC
336	/wynton/home/ahituv/fongsl/dna/hs1/kmers/18mers/ALL.GGGGC.18mers-nullomers.csv.gz	GGGGC
337	/wynton/home/ahituv/fongsl/dna/hs1/kmers/18mers/ALL.TTCTA.18mers-nullomers.csv.gz	TTCTA
338	/wynton/home/ahituv/fongsl/dna/hs1/kmers/18mers/ALL.AAATT.18mers-nullomers.csv.gz	AAATT
339	/wynton/home/ahituv/fongsl/dna/hs1/kmers/18mers/ALL.CTCTG.18mers-nullomers.csv.gz	CTCTG
340	/wynton/home/ahituv/fongsl/dna/hs1/kmers/18mers/ALL.GTAAT.18mers-nullomers.csv.gz	GTAAT
341	/wynton/home/ahituv/fongsl/dna/hs1/kmers/18mers/ALL.TATCT.18mers-nullomers.csv.gz	TATCT
342	/wynton/home/ahituv/fongsl/dna/hs1/kmers/18mers/ALL.ATATG.18mers-nullomers.csv.gz	ATATG
343	/wynton/home/ahituv/fongsl/dna/hs1/kmers/18mers/ALL.GCAAG.18mers-nullomers.csv.gz	GCAAG
344	/wynton/home/ahituv/fongsl/dna/hs1/kmers/18mers/ALL.GAGGA.18mers-nullomers.csv.gz	GAGGA
345	/wynton/home/ahituv/fongsl/dna/hs1/kmers/18mers/ALL.CACAA.18mers-nullomers.csv.gz	CACAA
346	/wynton/home/ahituv/fongsl/dna/hs1/kmers/18mers/ALL.ATGCA.18mers-nullomers.csv.gz	ATGCA
347	/wynton/home/ahituv/fongsl/dna/hs1/kmers/18mers/ALL.TAACT.18mers-nullomers.csv.gz	TAACT
348	/wynton/home/ahituv/fongsl/dna/hs1/kmers/18mers/ALL.TGAGA.18mers-nullomers.csv.gz	TGAGA
349	/wynton/home/ahituv/fongsl/dna/hs1/kmers/18mers/ALL.GCTGT.18mers-nullomers.csv.gz	GCTGT
350	/wynton/home/ahituv/fongsl/dna/hs1/kmers/18mers/ALL.TGTAC.18mers-nullomers.csv.gz	TGTAC
351	/wynton/home/ahituv/fongsl/dna/hs1/kmers/18mers/ALL.TATTA.18mers-nullomers.csv.gz	TATTA
352	/wynton/home/ahituv/fongsl/dna/hs1/kmers/18mers/ALL.AACCA.18mers-nullomers.csv.gz	AACCA
353	/wynton/home/ahituv/fongsl/dna/hs1/kmers/18mers/ALL.AGAGT.18mers-nullomers.csv.gz	AGAGT
354	/wynton/home/ahituv/fongsl/dna/hs1/kmers/18mers/ALL.ATTAA.18mers-nullomers.csv.gz	ATTAA
355	/wynton/home/ahituv/fongsl/dna/hs1/kmers/18mers/ALL.ATTAG.18mers-nullomers.csv.gz	ATTAG
356	/wynton/home/ahituv/fongsl/dna/hs1/kmers/18mers/ALL.ACATA.18mers-nullomers.csv.gz	ACATA
357	/wynton/home/ahituv/fongsl/dna/hs1/kmers/18mers/ALL.GCTAA.18mers-nullomers.csv.gz	GCTAA
358	/wynton/home/ahituv/fongsl/dna/hs1/kmers/18mers/ALL.GTTGC.18mers-nullomers.csv.gz	GTTGC
359	/wynton/home/ahituv/fongsl/dna/hs1/kmers/18mers/ALL.ACTCG.18mers-nullomers.csv.gz	ACTCG
360	/wynton/home/ahituv/fongsl/dna/hs1/kmers/18mers/ALL.AGTTG.18mers-nullomers.csv.gz	AGTTG
361	/wynton/home/ahituv/fongsl/dna/hs1/kmers/18mers/ALL.TTGCG.18mers-nullomers.csv.gz	TTGCG
362	/wynton/home/ahituv/fongsl/dna/hs1/kmers/18mers/ALL.CGGGC.18mers-nullomers.csv.gz	CGGGC
363	/wynton/home/ahituv/fongsl/dna/hs1/kmers/18mers/ALL.CCGAA.18mers-nullomers.csv.gz	CCGAA
364	/wynton/home/ahituv/fongsl/dna/hs1/kmers/18mers/ALL.TTCGC.18mers-nullomers.csv.gz	TTCGC
365	/wynton/home/ahituv/fongsl/dna/hs1/kmers/18mers/ALL.CGTTA.18mers-nullomers.csv.gz	CGTTA
366	/wynton/home/ahituv/fongsl/dna/hs1/kmers/18mers/ALL.GTGAA.18mers-nullomers.csv.gz	GTGAA
367	/wynton/home/ahituv/fongsl/dna/hs1/kmers/18mers/ALL.CTGTT.18mers-nullomers.csv.gz	CTGTT
368	/wynton/home/ahituv/fongsl/dna/hs1/kmers/18mers/ALL.AAACT.18mers-nullomers.csv.gz	AAACT
369	/wynton/home/ahituv/fongsl/dna/hs1/kmers/18mers/ALL.GAGAT.18mers-nullomers.csv.gz	GAGAT
370	/wynton/home/ahituv/fongsl/dna/hs1/kmers/18mers/ALL.AAGCG.18mers-nullomers.csv.gz	AAGCG
371	/wynton/home/ahituv/fongsl/dna/hs1/kmers/18mers/ALL.GATAG.18mers-nullomers.csv.gz	GATAG
372	/wynton/home/ahituv/fongsl/dna/hs1/kmers/18mers/ALL.TGGAC.18mers-nullomers.csv.gz	TGGAC
373	/wynton/home/ahituv/fongsl/dna/hs1/kmers/18mers/ALL.TTTGT.18mers-nullomers.csv.gz	TTTGT
374	/wynton/home/ahituv/fongsl/dna/hs1/kmers/18mers/ALL.CCGCT.18mers-nullomers.csv.gz	CCGCT
375	/wynton/home/ahituv/fongsl/dna/hs1/kmers/18mers/ALL.CCCCT.18mers-nullomers.csv.gz	CCCCT
376	/wynton/home/ahituv/fongsl/dna/hs1/kmers/18mers/ALL.TTACG.18mers-nullomers.csv.gz	TTACG
377	/wynton/home/ahituv/fongsl/dna/hs1/kmers/18mers/ALL.CATGC.18mers-nullomers.csv.gz	CATGC
378	/wynton/home/ahituv/fongsl/dna/hs1/kmers/18mers/ALL.GCTGG.18mers-nullomers.csv.gz	GCTGG
379	/wynton/home/ahituv/fongsl/dna/hs1/kmers/18mers/ALL.GGGGA.18mers-nullomers.csv.gz	GGGGA
380	/wynton/home/ahituv/fongsl/dna/hs1/kmers/18mers/ALL.CTCTC.18mers-nullomers.csv.gz	CTCTC
381	/wynton/home/ahituv/fongsl/dna/hs1/kmers/18mers/ALL.TCAAT.18mers-nullomers.csv.gz	TCAAT
382	/wynton/home/ahituv/fongsl/dna/hs1/kmers/18mers/ALL.CGGGG.18mers-nullomers.csv.gz	CGGGG
383	/wynton/home/ahituv/fongsl/dna/hs1/kmers/18mers/ALL.TCTAG.18mers-nullomers.csv.gz	TCTAG
384	/wynton/home/ahituv/fongsl/dna/hs1/kmers/18mers/ALL.CCACT.18mers-nullomers.csv.gz	CCACT
385	/wynton/home/ahituv/fongsl/dna/hs1/kmers/18mers/ALL.ACAGC.18mers-nullomers.csv.gz	ACAGC
386	/wynton/home/ahituv/fongsl/dna/hs1/kmers/18mers/ALL.AAGAA.18mers-nullomers.csv.gz	AAGAA
387	/wynton/home/ahituv/fongsl/dna/hs1/kmers/18mers/ALL.CGCGA.18mers-nullomers.csv.gz	CGCGA
388	/wynton/home/ahituv/fongsl/dna/hs1/kmers/18mers/ALL.ATGTT.18mers-nullomers.csv.gz	ATGTT
389	/wynton/home/ahituv/fongsl/dna/hs1/kmers/18mers/ALL.GCAGG.18mers-nullomers.csv.gz	GCAGG
390	/wynton/home/ahituv/fongsl/dna/hs1/kmers/18mers/ALL.GAGCG.18mers-nullomers.csv.gz	GAGCG
391	/wynton/home/ahituv/fongsl/dna/hs1/kmers/18mers/ALL.AAACC.18mers-nullomers.csv.gz	AAACC
392	/wynton/home/ahituv/fongsl/dna/hs1/kmers/18mers/ALL.GAGAC.18mers-nullomers.csv.gz	GAGAC
393	/wynton/home/ahituv/fongsl/dna/hs1/kmers/18mers/ALL.GGGGT.18mers-nullomers.csv.gz	GGGGT
394	/wynton/home/ahituv/fongsl/dna/hs1/kmers/18mers/ALL.CTCAA.18mers-nullomers.csv.gz	CTCAA
395	/wynton/home/ahituv/fongsl/dna/hs1/kmers/18mers/ALL.TAGGA.18mers-nullomers.csv.gz	TAGGA
396	/wynton/home/ahituv/fongsl/dna/hs1/kmers/18mers/ALL.TACCC.18mers-nullomers.csv.gz	TACCC
397	/wynton/home/ahituv/fongsl/dna/hs1/kmers/18mers/ALL.TCCAG.18mers-nullomers.csv.gz	TCCAG
398	/wynton/home/ahituv/fongsl/dna/hs1/kmers/18mers/ALL.CGACA.18mers-nullomers.csv.gz	CGACA
399	/wynton/home/ahituv/fongsl/dna/hs1/kmers/18mers/ALL.TCCAT.18mers-nullomers.csv.gz	TCCAT
400	/wynton/home/ahituv/fongsl/dna/hs1/kmers/18mers/ALL.TTTCC.18mers-nullomers.csv.gz	TTTCC
401	/wynton/home/ahituv/fongsl/dna/hs1/kmers/18mers/ALL.TAACA.18mers-nullomers.csv.gz	TAACA
402	/wynton/home/ahituv/fongsl/dna/hs1/kmers/18mers/ALL.GTTAC.18mers-nullomers.csv.gz	GTTAC
403	/wynton/home/ahituv/fongsl/dna/hs1/kmers/18mers/ALL.AAAAA.18mers-nullomers.csv.gz	AAAAA
404	/wynton/home/ahituv/fongsl/dna/hs1/kmers/18mers/ALL.ACAAG.18mers-nullomers.csv.gz	ACAAG
405	/wynton/home/ahituv/fongsl/dna/hs1/kmers/18mers/ALL.ACGAG.18mers-nullomers.csv.gz	ACGAG
406	/wynton/home/ahituv/fongsl/dna/hs1/kmers/18mers/ALL.AGGGC.18mers-nullomers.csv.gz	AGGGC
407	/wynton/home/ahituv/fongsl/dna/hs1/kmers/18mers/ALL.ACTAC.18mers-nullomers.csv.gz	ACTAC
408	/wynton/home/ahituv/fongsl/dna/hs1/kmers/18mers/ALL.CCCAT.18mers-nullomers.csv.gz	CCCAT
409	/wynton/home/ahituv/fongsl/dna/hs1/kmers/18mers/ALL.GTCAC.18mers-nullomers.csv.gz	GTCAC
410	/wynton/home/ahituv/fongsl/dna/hs1/kmers/18mers/ALL.AACGT.18mers-nullomers.csv.gz	AACGT
411	/wynton/home/ahituv/fongsl/dna/hs1/kmers/18mers/ALL.ATTAC.18mers-nullomers.csv.gz	ATTAC
412	/wynton/home/ahituv/fongsl/dna/hs1/kmers/18mers/ALL.CTCTT.18mers-nullomers.csv.gz	CTCTT
413	/wynton/home/ahituv/fongsl/dna/hs1/kmers/18mers/ALL.GCATG.18mers-nullomers.csv.gz	GCATG
414	/wynton/home/ahituv/fongsl/dna/hs1/kmers/18mers/ALL.TAGCC.18mers-nullomers.csv.gz	TAGCC
415	/wynton/home/ahituv/fongsl/dna/hs1/kmers/18mers/ALL.AGCCA.18mers-nullomers.csv.gz	AGCCA
416	/wynton/home/ahituv/fongsl/dna/hs1/kmers/18mers/ALL.AAGGG.18mers-nullomers.csv.gz	AAGGG
417	/wynton/home/ahituv/fongsl/dna/hs1/kmers/18mers/ALL.GTACT.18mers-nullomers.csv.gz	GTACT
418	/wynton/home/ahituv/fongsl/dna/hs1/kmers/18mers/ALL.GACGG.18mers-nullomers.csv.gz	GACGG
419	/wynton/home/ahituv/fongsl/dna/hs1/kmers/18mers/ALL.AGTGT.18mers-nullomers.csv.gz	AGTGT
420	/wynton/home/ahituv/fongsl/dna/hs1/kmers/18mers/ALL.TGCGC.18mers-nullomers.csv.gz	TGCGC
421	/wynton/home/ahituv/fongsl/dna/hs1/kmers/18mers/ALL.CAGGC.18mers-nullomers.csv.gz	CAGGC
422	/wynton/home/ahituv/fongsl/dna/hs1/kmers/18mers/ALL.CTAAT.18mers-nullomers.csv.gz	CTAAT
423	/wynton/home/ahituv/fongsl/dna/hs1/kmers/18mers/ALL.TACGT.18mers-nullomers.csv.gz	TACGT
424	/wynton/home/ahituv/fongsl/dna/hs1/kmers/18mers/ALL.GCAAT.18mers-nullomers.csv.gz	GCAAT
425	/wynton/home/ahituv/fongsl/dna/hs1/kmers/18mers/ALL.ACCCG.18mers-nullomers.csv.gz	ACCCG
426	/wynton/home/ahituv/fongsl/dna/hs1/kmers/18mers/ALL.ATTTA.18mers-nullomers.csv.gz	ATTTA
427	/wynton/home/ahituv/fongsl/dna/hs1/kmers/18mers/ALL.CTCTA.18mers-nullomers.csv.gz	CTCTA
428	/wynton/home/ahituv/fongsl/dna/hs1/kmers/18mers/ALL.GATTA.18mers-nullomers.csv.gz	GATTA
429	/wynton/home/ahituv/fongsl/dna/hs1/kmers/18mers/ALL.CGATT.18mers-nullomers.csv.gz	CGATT
430	/wynton/home/ahituv/fongsl/dna/hs1/kmers/18mers/ALL.CTTGG.18mers-nullomers.csv.gz	CTTGG
431	/wynton/home/ahituv/fongsl/dna/hs1/kmers/18mers/ALL.ATTCT.18mers-nullomers.csv.gz	ATTCT
432	/wynton/home/ahituv/fongsl/dna/hs1/kmers/18mers/ALL.AGGGG.18mers-nullomers.csv.gz	AGGGG
433	/wynton/home/ahituv/fongsl/dna/hs1/kmers/18mers/ALL.CGGCA.18mers-nullomers.csv.gz	CGGCA
434	/wynton/home/ahituv/fongsl/dna/hs1/kmers/18mers/ALL.GCGCA.18mers-nullomers.csv.gz	GCGCA
435	/wynton/home/ahituv/fongsl/dna/hs1/kmers/18mers/ALL.GTTCC.18mers-nullomers.csv.gz	GTTCC
436	/wynton/home/ahituv/fongsl/dna/hs1/kmers/18mers/ALL.CGCGT.18mers-nullomers.csv.gz	CGCGT
437	/wynton/home/ahituv/fongsl/dna/hs1/kmers/18mers/ALL.CTCGA.18mers-nullomers.csv.gz	CTCGA
438	/wynton/home/ahituv/fongsl/dna/hs1/kmers/18mers/ALL.CGACT.18mers-nullomers.csv.gz	CGACT
439	/wynton/home/ahituv/fongsl/dna/hs1/kmers/18mers/ALL.AATCA.18mers-nullomers.csv.gz	AATCA
440	/wynton/home/ahituv/fongsl/dna/hs1/kmers/18mers/ALL.TGATC.18mers-nullomers.csv.gz	TGATC
441	/wynton/home/ahituv/fongsl/dna/hs1/kmers/18mers/ALL.TCGCT.18mers-nullomers.csv.gz	TCGCT
442	/wynton/home/ahituv/fongsl/dna/hs1/kmers/18mers/ALL.TTTGC.18mers-nullomers.csv.gz	TTTGC
443	/wynton/home/ahituv/fongsl/dna/hs1/kmers/18mers/ALL.AAAGC.18mers-nullomers.csv.gz	AAAGC
444	/wynton/home/ahituv/fongsl/dna/hs1/kmers/18mers/ALL.ATTGC.18mers-nullomers.csv.gz	ATTGC
445	/wynton/home/ahituv/fongsl/dna/hs1/kmers/18mers/ALL.CAACC.18mers-nullomers.csv.gz	CAACC
446	/wynton/home/ahituv/fongsl/dna/hs1/kmers/18mers/ALL.CCTAT.18mers-nullomers.csv.gz	CCTAT
447	/wynton/home/ahituv/fongsl/dna/hs1/kmers/18mers/ALL.CGGTC.18mers-nullomers.csv.gz	CGGTC
448	/wynton/home/ahituv/fongsl/dna/hs1/kmers/18mers/ALL.GAGCT.18mers-nullomers.csv.gz	GAGCT
449	/wynton/home/ahituv/fongsl/dna/hs1/kmers/18mers/ALL.TGACT.18mers-nullomers.csv.gz	TGACT
450	/wynton/home/ahituv/fongsl/dna/hs1/kmers/18mers/ALL.TTCCC.18mers-nullomers.csv.gz	TTCCC
451	/wynton/home/ahituv/fongsl/dna/hs1/kmers/18mers/ALL.GTGGA.18mers-nullomers.csv.gz	GTGGA
452	/wynton/home/ahituv/fongsl/dna/hs1/kmers/18mers/ALL.ATCGT.18mers-nullomers.csv.gz	ATCGT
453	/wynton/home/ahituv/fongsl/dna/hs1/kmers/18mers/ALL.TCTAC.18mers-nullomers.csv.gz	TCTAC
454	/wynton/home/ahituv/fongsl/dna/hs1/kmers/18mers/ALL.AAACA.18mers-nullomers.csv.gz	AAACA
455	/wynton/home/ahituv/fongsl/dna/hs1/kmers/18mers/ALL.ACAGG.18mers-nullomers.csv.gz	ACAGG
456	/wynton/home/ahituv/fongsl/dna/hs1/kmers/18mers/ALL.AGAGG.18mers-nullomers.csv.gz	AGAGG
457	/wynton/home/ahituv/fongsl/dna/hs1/kmers/18mers/ALL.CAAAT.18mers-nullomers.csv.gz	CAAAT
458	/wynton/home/ahituv/fongsl/dna/hs1/kmers/18mers/ALL.CCCAA.18mers-nullomers.csv.gz	CCCAA
459	/wynton/home/ahituv/fongsl/dna/hs1/kmers/18mers/ALL.GTGGG.18mers-nullomers.csv.gz	GTGGG
460	/wynton/home/ahituv/fongsl/dna/hs1/kmers/18mers/ALL.CCTAC.18mers-nullomers.csv.gz	CCTAC
461	/wynton/home/ahituv/fongsl/dna/hs1/kmers/18mers/ALL.AGACT.18mers-nullomers.csv.gz	AGACT
462	/wynton/home/ahituv/fongsl/dna/hs1/kmers/18mers/ALL.AGGTG.18mers-nullomers.csv.gz	AGGTG
463	/wynton/home/ahituv/fongsl/dna/hs1/kmers/18mers/ALL.TGAAA.18mers-nullomers.csv.gz	TGAAA
464	/wynton/home/ahituv/fongsl/dna/hs1/kmers/18mers/ALL.AACCG.18mers-nullomers.csv.gz	AACCG
465	/wynton/home/ahituv/fongsl/dna/hs1/kmers/18mers/ALL.ACGCG.18mers-nullomers.csv.gz	ACGCG
466	/wynton/home/ahituv/fongsl/dna/hs1/kmers/18mers/ALL.GAGGC.18mers-nullomers.csv.gz	GAGGC
467	/wynton/home/ahituv/fongsl/dna/hs1/kmers/18mers/ALL.TTTTT.18mers-nullomers.csv.gz	TTTTT
468	/wynton/home/ahituv/fongsl/dna/hs1/kmers/18mers/ALL.TCCTA.18mers-nullomers.csv.gz	TCCTA
469	/wynton/home/ahituv/fongsl/dna/hs1/kmers/18mers/ALL.CCTGT.18mers-nullomers.csv.gz	CCTGT
470	/wynton/home/ahituv/fongsl/dna/hs1/kmers/18mers/ALL.TCCGG.18mers-nullomers.csv.gz	TCCGG
471	/wynton/home/ahituv/fongsl/dna/hs1/kmers/18mers/ALL.TGAGT.18mers-nullomers.csv.gz	TGAGT
472	/wynton/home/ahituv/fongsl/dna/hs1/kmers/18mers/ALL.TTACC.18mers-nullomers.csv.gz	TTACC
473	/wynton/home/ahituv/fongsl/dna/hs1/kmers/18mers/ALL.GGCCT.18mers-nullomers.csv.gz	GGCCT
474	/wynton/home/ahituv/fongsl/dna/hs1/kmers/18mers/ALL.TCTCT.18mers-nullomers.csv.gz	TCTCT
475	/wynton/home/ahituv/fongsl/dna/hs1/kmers/18mers/ALL.CTATG.18mers-nullomers.csv.gz	CTATG
476	/wynton/home/ahituv/fongsl/dna/hs1/kmers/18mers/ALL.TTACA.18mers-nullomers.csv.gz	TTACA
477	/wynton/home/ahituv/fongsl/dna/hs1/kmers/18mers/ALL.CTATC.18mers-nullomers.csv.gz	CTATC
478	/wynton/home/ahituv/fongsl/dna/hs1/kmers/18mers/ALL.GTGCG.18mers-nullomers.csv.gz	GTGCG
479	/wynton/home/ahituv/fongsl/dna/hs1/kmers/18mers/ALL.CCTTG.18mers-nullomers.csv.gz	CCTTG
480	/wynton/home/ahituv/fongsl/dna/hs1/kmers/18mers/ALL.TTAAT.18mers-nullomers.csv.gz	TTAAT
481	/wynton/home/ahituv/fongsl/dna/hs1/kmers/18mers/ALL.GCTCA.18mers-nullomers.csv.gz	GCTCA
482	/wynton/home/ahituv/fongsl/dna/hs1/kmers/18mers/ALL.CCAAA.18mers-nullomers.csv.gz	CCAAA
483	/wynton/home/ahituv/fongsl/dna/hs1/kmers/18mers/ALL.GTTCT.18mers-nullomers.csv.gz	GTTCT
484	/wynton/home/ahituv/fongsl/dna/hs1/kmers/18mers/ALL.TACCA.18mers-nullomers.csv.gz	TACCA
485	/wynton/home/ahituv/fongsl/dna/hs1/kmers/18mers/ALL.CAACA.18mers-nullomers.csv.gz	CAACA
486	/wynton/home/ahituv/fongsl/dna/hs1/kmers/18mers/ALL.ATCCC.18mers-nullomers.csv.gz	ATCCC
487	/wynton/home/ahituv/fongsl/dna/hs1/kmers/18mers/ALL.GAGAA.18mers-nullomers.csv.gz	GAGAA
488	/wynton/home/ahituv/fongsl/dna/hs1/kmers/18mers/ALL.CTAGG.18mers-nullomers.csv.gz	CTAGG
489	/wynton/home/ahituv/fongsl/dna/hs1/kmers/18mers/ALL.TGGAT.18mers-nullomers.csv.gz	TGGAT
490	/wynton/home/ahituv/fongsl/dna/hs1/kmers/18mers/ALL.ATCGC.18mers-nullomers.csv.gz	ATCGC
491	/wynton/home/ahituv/fongsl/dna/hs1/kmers/18mers/ALL.CCCAC.18mers-nullomers.csv.gz	CCCAC
492	/wynton/home/ahituv/fongsl/dna/hs1/kmers/18mers/ALL.GCATT.18mers-nullomers.csv.gz	GCATT
493	/wynton/home/ahituv/fongsl/dna/hs1/kmers/18mers/ALL.AACAT.18mers-nullomers.csv.gz	AACAT
494	/wynton/home/ahituv/fongsl/dna/hs1/kmers/18mers/ALL.CGCCC.18mers-nullomers.csv.gz	CGCCC
495	/wynton/home/ahituv/fongsl/dna/hs1/kmers/18mers/ALL.TTGTA.18mers-nullomers.csv.gz	TTGTA
496	/wynton/home/ahituv/fongsl/dna/hs1/kmers/18mers/ALL.ACTAA.18mers-nullomers.csv.gz	ACTAA
497	/wynton/home/ahituv/fongsl/dna/hs1/kmers/18mers/ALL.TGAGC.18mers-nullomers.csv.gz	TGAGC
498	/wynton/home/ahituv/fongsl/dna/hs1/kmers/18mers/ALL.GGCAG.18mers-nullomers.csv.gz	GGCAG
499	/wynton/home/ahituv/fongsl/dna/hs1/kmers/18mers/ALL.ATGCT.18mers-nullomers.csv.gz	ATGCT
500	/wynton/home/ahituv/fongsl/dna/hs1/kmers/18mers/ALL.GTTTA.18mers-nullomers.csv.gz	GTTTA
501	/wynton/home/ahituv/fongsl/dna/hs1/kmers/18mers/ALL.GTCTG.18mers-nullomers.csv.gz	GTCTG
502	/wynton/home/ahituv/fongsl/dna/hs1/kmers/18mers/ALL.GTCAA.18mers-nullomers.csv.gz	GTCAA
503	/wynton/home/ahituv/fongsl/dna/hs1/kmers/18mers/ALL.CAGGG.18mers-nullomers.csv.gz	CAGGG
504	/wynton/home/ahituv/fongsl/dna/hs1/kmers/18mers/ALL.CGGGA.18mers-nullomers.csv.gz	CGGGA
505	/wynton/home/ahituv/fongsl/dna/hs1/kmers/18mers/ALL.ATTTC.18mers-nullomers.csv.gz	ATTTC
506	/wynton/home/ahituv/fongsl/dna/hs1/kmers/18mers/ALL.AGTGA.18mers-nullomers.csv.gz	AGTGA
507	/wynton/home/ahituv/fongsl/dna/hs1/kmers/18mers/ALL.CAAAC.18mers-nullomers.csv.gz	CAAAC
508	/wynton/home/ahituv/fongsl/dna/hs1/kmers/18mers/ALL.CTTCG.18mers-nullomers.csv.gz	CTTCG
509	/wynton/home/ahituv/fongsl/dna/hs1/kmers/18mers/ALL.TCAAA.18mers-nullomers.csv.gz	TCAAA
510	/wynton/home/ahituv/fongsl/dna/hs1/kmers/18mers/ALL.CAAGC.18mers-nullomers.csv.gz	CAAGC
511	/wynton/home/ahituv/fongsl/dna/hs1/kmers/18mers/ALL.GGAAG.18mers-nullomers.csv.gz	GGAAG
512	/wynton/home/ahituv/fongsl/dna/hs1/kmers/18mers/ALL.TGCGT.18mers-nullomers.csv.gz	TGCGT
513	/wynton/home/ahituv/fongsl/dna/hs1/kmers/18mers/ALL.ACGTA.18mers-nullomers.csv.gz	ACGTA
514	/wynton/home/ahituv/fongsl/dna/hs1/kmers/18mers/ALL.ACTTT.18mers-nullomers.csv.gz	ACTTT
515	/wynton/home/ahituv/fongsl/dna/hs1/kmers/18mers/ALL.ATACA.18mers-nullomers.csv.gz	ATACA
516	/wynton/home/ahituv/fongsl/dna/hs1/kmers/18mers/ALL.CGAGA.18mers-nullomers.csv.gz	CGAGA
517	/wynton/home/ahituv/fongsl/dna/hs1/kmers/18mers/ALL.GAAAG.18mers-nullomers.csv.gz	GAAAG
518	/wynton/home/ahituv/fongsl/dna/hs1/kmers/18mers/ALL.GCCTT.18mers-nullomers.csv.gz	GCCTT
519	/wynton/home/ahituv/fongsl/dna/hs1/kmers/18mers/ALL.AAAGT.18mers-nullomers.csv.gz	AAAGT
520	/wynton/home/ahituv/fongsl/dna/hs1/kmers/18mers/ALL.CATCG.18mers-nullomers.csv.gz	CATCG
521	/wynton/home/ahituv/fongsl/dna/hs1/kmers/18mers/ALL.ATGTA.18mers-nullomers.csv.gz	ATGTA
522	/wynton/home/ahituv/fongsl/dna/hs1/kmers/18mers/ALL.CGCCT.18mers-nullomers.csv.gz	CGCCT
523	/wynton/home/ahituv/fongsl/dna/hs1/kmers/18mers/ALL.GGTCA.18mers-nullomers.csv.gz	GGTCA
524	/wynton/home/ahituv/fongsl/dna/hs1/kmers/18mers/ALL.TATAT.18mers-nullomers.csv.gz	TATAT
525	/wynton/home/ahituv/fongsl/dna/hs1/kmers/18mers/ALL.TGGAG.18mers-nullomers.csv.gz	TGGAG
526	/wynton/home/ahituv/fongsl/dna/hs1/kmers/18mers/ALL.CAGGA.18mers-nullomers.csv.gz	CAGGA
527	/wynton/home/ahituv/fongsl/dna/hs1/kmers/18mers/ALL.TTAGG.18mers-nullomers.csv.gz	TTAGG
528	/wynton/home/ahituv/fongsl/dna/hs1/kmers/18mers/ALL.AGGAA.18mers-nullomers.csv.gz	AGGAA
529	/wynton/home/ahituv/fongsl/dna/hs1/kmers/18mers/ALL.CTACG.18mers-nullomers.csv.gz	CTACG
530	/wynton/home/ahituv/fongsl/dna/hs1/kmers/18mers/ALL.CCAGG.18mers-nullomers.csv.gz	CCAGG
531	/wynton/home/ahituv/fongsl/dna/hs1/kmers/18mers/ALL.AAGAT.18mers-nullomers.csv.gz	AAGAT
532	/wynton/home/ahituv/fongsl/dna/hs1/kmers/18mers/ALL.AGTTC.18mers-nullomers.csv.gz	AGTTC
533	/wynton/home/ahituv/fongsl/dna/hs1/kmers/18mers/ALL.ACATG.18mers-nullomers.csv.gz	ACATG
534	/wynton/home/ahituv/fongsl/dna/hs1/kmers/18mers/ALL.TAATC.18mers-nullomers.csv.gz	TAATC
535	/wynton/home/ahituv/fongsl/dna/hs1/kmers/18mers/ALL.CCGGC.18mers-nullomers.csv.gz	CCGGC
536	/wynton/home/ahituv/fongsl/dna/hs1/kmers/18mers/ALL.TGGAA.18mers-nullomers.csv.gz	TGGAA
537	/wynton/home/ahituv/fongsl/dna/hs1/kmers/18mers/ALL.CACTC.18mers-nullomers.csv.gz	CACTC
538	/wynton/home/ahituv/fongsl/dna/hs1/kmers/18mers/ALL.GGTCG.18mers-nullomers.csv.gz	GGTCG
539	/wynton/home/ahituv/fongsl/dna/hs1/kmers/18mers/ALL.CGGAC.18mers-nullomers.csv.gz	CGGAC
540	/wynton/home/ahituv/fongsl/dna/hs1/kmers/18mers/ALL.AGTAC.18mers-nullomers.csv.gz	AGTAC
541	/wynton/home/ahituv/fongsl/dna/hs1/kmers/18mers/ALL.AGACA.18mers-nullomers.csv.gz	AGACA
542	/wynton/home/ahituv/fongsl/dna/hs1/kmers/18mers/ALL.ATTCA.18mers-nullomers.csv.gz	ATTCA
543	/wynton/home/ahituv/fongsl/dna/hs1/kmers/18mers/ALL.AAGAG.18mers-nullomers.csv.gz	AAGAG
544	/wynton/home/ahituv/fongsl/dna/hs1/kmers/18mers/ALL.TAGCG.18mers-nullomers.csv.gz	TAGCG
545	/wynton/home/ahituv/fongsl/dna/hs1/kmers/18mers/ALL.GCAGT.18mers-nullomers.csv.gz	GCAGT
546	/wynton/home/ahituv/fongsl/dna/hs1/kmers/18mers/ALL.AGGGT.18mers-nullomers.csv.gz	AGGGT
547	/wynton/home/ahituv/fongsl/dna/hs1/kmers/18mers/ALL.TGGGA.18mers-nullomers.csv.gz	TGGGA
548	/wynton/home/ahituv/fongsl/dna/hs1/kmers/18mers/ALL.ACGGA.18mers-nullomers.csv.gz	ACGGA
549	/wynton/home/ahituv/fongsl/dna/hs1/kmers/18mers/ALL.CAAGT.18mers-nullomers.csv.gz	CAAGT
550	/wynton/home/ahituv/fongsl/dna/hs1/kmers/18mers/ALL.GAAAC.18mers-nullomers.csv.gz	GAAAC
551	/wynton/home/ahituv/fongsl/dna/hs1/kmers/18mers/ALL.TCGCC.18mers-nullomers.csv.gz	TCGCC
552	/wynton/home/ahituv/fongsl/dna/hs1/kmers/18mers/ALL.GCTTG.18mers-nullomers.csv.gz	GCTTG
553	/wynton/home/ahituv/fongsl/dna/hs1/kmers/18mers/ALL.TCGAC.18mers-nullomers.csv.gz	TCGAC
554	/wynton/home/ahituv/fongsl/dna/hs1/kmers/18mers/ALL.CAAAG.18mers-nullomers.csv.gz	CAAAG
555	/wynton/home/ahituv/fongsl/dna/hs1/kmers/18mers/ALL.TTGGG.18mers-nullomers.csv.gz	TTGGG
556	/wynton/home/ahituv/fongsl/dna/hs1/kmers/18mers/ALL.CTAGC.18mers-nullomers.csv.gz	CTAGC
557	/wynton/home/ahituv/fongsl/dna/hs1/kmers/18mers/ALL.ACTTA.18mers-nullomers.csv.gz	ACTTA
558	/wynton/home/ahituv/fongsl/dna/hs1/kmers/18mers/ALL.GCGCG.18mers-nullomers.csv.gz	GCGCG
559	/wynton/home/ahituv/fongsl/dna/hs1/kmers/18mers/ALL.CCCGG.18mers-nullomers.csv.gz	CCCGG
560	/wynton/home/ahituv/fongsl/dna/hs1/kmers/18mers/ALL.AGCGC.18mers-nullomers.csv.gz	AGCGC
561	/wynton/home/ahituv/fongsl/dna/hs1/kmers/18mers/ALL.CCGGG.18mers-nullomers.csv.gz	CCGGG
562	/wynton/home/ahituv/fongsl/dna/hs1/kmers/18mers/ALL.GACAG.18mers-nullomers.csv.gz	GACAG
563	/wynton/home/ahituv/fongsl/dna/hs1/kmers/18mers/ALL.CAGCG.18mers-nullomers.csv.gz	CAGCG
564	/wynton/home/ahituv/fongsl/dna/hs1/kmers/18mers/ALL.CGAAT.18mers-nullomers.csv.gz	CGAAT
565	/wynton/home/ahituv/fongsl/dna/hs1/kmers/18mers/ALL.TATCG.18mers-nullomers.csv.gz	TATCG
566	/wynton/home/ahituv/fongsl/dna/hs1/kmers/18mers/ALL.AGTGG.18mers-nullomers.csv.gz	AGTGG
567	/wynton/home/ahituv/fongsl/dna/hs1/kmers/18mers/ALL.TCACT.18mers-nullomers.csv.gz	TCACT
568	/wynton/home/ahituv/fongsl/dna/hs1/kmers/18mers/ALL.GTGCA.18mers-nullomers.csv.gz	GTGCA
569	/wynton/home/ahituv/fongsl/dna/hs1/kmers/18mers/ALL.CCGCA.18mers-nullomers.csv.gz	CCGCA
570	/wynton/home/ahituv/fongsl/dna/hs1/kmers/18mers/ALL.AGCTT.18mers-nullomers.csv.gz	AGCTT
571	/wynton/home/ahituv/fongsl/dna/hs1/kmers/18mers/ALL.TTAAC.18mers-nullomers.csv.gz	TTAAC
572	/wynton/home/ahituv/fongsl/dna/hs1/kmers/18mers/ALL.ATCAA.18mers-nullomers.csv.gz	ATCAA
573	/wynton/home/ahituv/fongsl/dna/hs1/kmers/18mers/ALL.GGAAC.18mers-nullomers.csv.gz	GGAAC
574	/wynton/home/ahituv/fongsl/dna/hs1/kmers/18mers/ALL.GCGTA.18mers-nullomers.csv.gz	GCGTA
575	/wynton/home/ahituv/fongsl/dna/hs1/kmers/18mers/ALL.GGCAC.18mers-nullomers.csv.gz	GGCAC
576	/wynton/home/ahituv/fongsl/dna/hs1/kmers/18mers/ALL.ATGGA.18mers-nullomers.csv.gz	ATGGA
577	/wynton/home/ahituv/fongsl/dna/hs1/kmers/18mers/ALL.ACCAC.18mers-nullomers.csv.gz	ACCAC
578	/wynton/home/ahituv/fongsl/dna/hs1/kmers/18mers/ALL.TGTAA.18mers-nullomers.csv.gz	TGTAA
579	/wynton/home/ahituv/fongsl/dna/hs1/kmers/18mers/ALL.GCGAG.18mers-nullomers.csv.gz	GCGAG
580	/wynton/home/ahituv/fongsl/dna/hs1/kmers/18mers/ALL.GCGAC.18mers-nullomers.csv.gz	GCGAC
581	/wynton/home/ahituv/fongsl/dna/hs1/kmers/18mers/ALL.TACTG.18mers-nullomers.csv.gz	TACTG
582	/wynton/home/ahituv/fongsl/dna/hs1/kmers/18mers/ALL.AATAG.18mers-nullomers.csv.gz	AATAG
583	/wynton/home/ahituv/fongsl/dna/hs1/kmers/18mers/ALL.CTTAC.18mers-nullomers.csv.gz	CTTAC
584	/wynton/home/ahituv/fongsl/dna/hs1/kmers/18mers/ALL.TCGAT.18mers-nullomers.csv.gz	TCGAT
585	/wynton/home/ahituv/fongsl/dna/hs1/kmers/18mers/ALL.TTCCT.18mers-nullomers.csv.gz	TTCCT
586	/wynton/home/ahituv/fongsl/dna/hs1/kmers/18mers/ALL.TCATA.18mers-nullomers.csv.gz	TCATA
587	/wynton/home/ahituv/fongsl/dna/hs1/kmers/18mers/ALL.AATGC.18mers-nullomers.csv.gz	AATGC
588	/wynton/home/ahituv/fongsl/dna/hs1/kmers/18mers/ALL.ATTCC.18mers-nullomers.csv.gz	ATTCC
589	/wynton/home/ahituv/fongsl/dna/hs1/kmers/18mers/ALL.GTTAG.18mers-nullomers.csv.gz	GTTAG
590	/wynton/home/ahituv/fongsl/dna/hs1/kmers/18mers/ALL.GAGTT.18mers-nullomers.csv.gz	GAGTT
591	/wynton/home/ahituv/fongsl/dna/hs1/kmers/18mers/ALL.ATTGG.18mers-nullomers.csv.gz	ATTGG
592	/wynton/home/ahituv/fongsl/dna/hs1/kmers/18mers/ALL.ACACC.18mers-nullomers.csv.gz	ACACC
593	/wynton/home/ahituv/fongsl/dna/hs1/kmers/18mers/ALL.ACTCC.18mers-nullomers.csv.gz	ACTCC
594	/wynton/home/ahituv/fongsl/dna/hs1/kmers/18mers/ALL.CCACA.18mers-nullomers.csv.gz	CCACA
595	/wynton/home/ahituv/fongsl/dna/hs1/kmers/18mers/ALL.CACTA.18mers-nullomers.csv.gz	CACTA
596	/wynton/home/ahituv/fongsl/dna/hs1/kmers/18mers/ALL.CCTTC.18mers-nullomers.csv.gz	CCTTC
597	/wynton/home/ahituv/fongsl/dna/hs1/kmers/18mers/ALL.TCTGT.18mers-nullomers.csv.gz	TCTGT
598	/wynton/home/ahituv/fongsl/dna/hs1/kmers/18mers/ALL.AACGC.18mers-nullomers.csv.gz	AACGC
599	/wynton/home/ahituv/fongsl/dna/hs1/kmers/18mers/ALL.ATGAC.18mers-nullomers.csv.gz	ATGAC
600	/wynton/home/ahituv/fongsl/dna/hs1/kmers/18mers/ALL.CGGTG.18mers-nullomers.csv.gz	CGGTG
601	/wynton/home/ahituv/fongsl/dna/hs1/kmers/18mers/ALL.CCGCG.18mers-nullomers.csv.gz	CCGCG
602	/wynton/home/ahituv/fongsl/dna/hs1/kmers/18mers/ALL.AGATT.18mers-nullomers.csv.gz	AGATT
603	/wynton/home/ahituv/fongsl/dna/hs1/kmers/18mers/ALL.CGTGT.18mers-nullomers.csv.gz	CGTGT
604	/wynton/home/ahituv/fongsl/dna/hs1/kmers/18mers/ALL.GGGGG.18mers-nullomers.csv.gz	GGGGG
605	/wynton/home/ahituv/fongsl/dna/hs1/kmers/18mers/ALL.TGGCG.18mers-nullomers.csv.gz	TGGCG
606	/wynton/home/ahituv/fongsl/dna/hs1/kmers/18mers/ALL.GTTTG.18mers-nullomers.csv.gz	GTTTG
607	/wynton/home/ahituv/fongsl/dna/hs1/kmers/18mers/ALL.TTGAG.18mers-nullomers.csv.gz	TTGAG
608	/wynton/home/ahituv/fongsl/dna/hs1/kmers/18mers/ALL.TTTAG.18mers-nullomers.csv.gz	TTTAG
609	/wynton/home/ahituv/fongsl/dna/hs1/kmers/18mers/ALL.GGATC.18mers-nullomers.csv.gz	GGATC
610	/wynton/home/ahituv/fongsl/dna/hs1/kmers/18mers/ALL.AGCTA.18mers-nullomers.csv.gz	AGCTA
611	/wynton/home/ahituv/fongsl/dna/hs1/kmers/18mers/ALL.GCATC.18mers-nullomers.csv.gz	GCATC
612	/wynton/home/ahituv/fongsl/dna/hs1/kmers/18mers/ALL.TAGAG.18mers-nullomers.csv.gz	TAGAG
613	/wynton/home/ahituv/fongsl/dna/hs1/kmers/18mers/ALL.CCTCC.18mers-nullomers.csv.gz	CCTCC
614	/wynton/home/ahituv/fongsl/dna/hs1/kmers/18mers/ALL.GGGAC.18mers-nullomers.csv.gz	GGGAC
615	/wynton/home/ahituv/fongsl/dna/hs1/kmers/18mers/ALL.AGAAA.18mers-nullomers.csv.gz	AGAAA
616	/wynton/home/ahituv/fongsl/dna/hs1/kmers/18mers/ALL.AGGAG.18mers-nullomers.csv.gz	AGGAG
617	/wynton/home/ahituv/fongsl/dna/hs1/kmers/18mers/ALL.GGATT.18mers-nullomers.csv.gz	GGATT
618	/wynton/home/ahituv/fongsl/dna/hs1/kmers/18mers/ALL.AGAAG.18mers-nullomers.csv.gz	AGAAG
619	/wynton/home/ahituv/fongsl/dna/hs1/kmers/18mers/ALL.CGTCA.18mers-nullomers.csv.gz	CGTCA
620	/wynton/home/ahituv/fongsl/dna/hs1/kmers/18mers/ALL.CGACC.18mers-nullomers.csv.gz	CGACC
621	/wynton/home/ahituv/fongsl/dna/hs1/kmers/18mers/ALL.CATCT.18mers-nullomers.csv.gz	CATCT
622	/wynton/home/ahituv/fongsl/dna/hs1/kmers/18mers/ALL.GCTCC.18mers-nullomers.csv.gz	GCTCC
623	/wynton/home/ahituv/fongsl/dna/hs1/kmers/18mers/ALL.AGATA.18mers-nullomers.csv.gz	AGATA
624	/wynton/home/ahituv/fongsl/dna/hs1/kmers/18mers/ALL.AATCT.18mers-nullomers.csv.gz	AATCT
625	/wynton/home/ahituv/fongsl/dna/hs1/kmers/18mers/ALL.GCCAC.18mers-nullomers.csv.gz	GCCAC
626	/wynton/home/ahituv/fongsl/dna/hs1/kmers/18mers/ALL.TTAGA.18mers-nullomers.csv.gz	TTAGA
627	/wynton/home/ahituv/fongsl/dna/hs1/kmers/18mers/ALL.TCGTT.18mers-nullomers.csv.gz	TCGTT
628	/wynton/home/ahituv/fongsl/dna/hs1/kmers/18mers/ALL.ACCCT.18mers-nullomers.csv.gz	ACCCT
629	/wynton/home/ahituv/fongsl/dna/hs1/kmers/18mers/ALL.GAGTC.18mers-nullomers.csv.gz	GAGTC
630	/wynton/home/ahituv/fongsl/dna/hs1/kmers/18mers/ALL.TCGTC.18mers-nullomers.csv.gz	TCGTC
631	/wynton/home/ahituv/fongsl/dna/hs1/kmers/18mers/ALL.TAGCT.18mers-nullomers.csv.gz	TAGCT
632	/wynton/home/ahituv/fongsl/dna/hs1/kmers/18mers/ALL.AGGCG.18mers-nullomers.csv.gz	AGGCG
633	/wynton/home/ahituv/fongsl/dna/hs1/kmers/18mers/ALL.TCTCA.18mers-nullomers.csv.gz	TCTCA
634	/wynton/home/ahituv/fongsl/dna/hs1/kmers/18mers/ALL.TACAG.18mers-nullomers.csv.gz	TACAG
635	/wynton/home/ahituv/fongsl/dna/hs1/kmers/18mers/ALL.CGCGG.18mers-nullomers.csv.gz	CGCGG
636	/wynton/home/ahituv/fongsl/dna/hs1/kmers/18mers/ALL.CACGT.18mers-nullomers.csv.gz	CACGT
637	/wynton/home/ahituv/fongsl/dna/hs1/kmers/18mers/ALL.GCCAT.18mers-nullomers.csv.gz	GCCAT
638	/wynton/home/ahituv/fongsl/dna/hs1/kmers/18mers/ALL.CGCTA.18mers-nullomers.csv.gz	CGCTA
639	/wynton/home/ahituv/fongsl/dna/hs1/kmers/18mers/ALL.AGGAC.18mers-nullomers.csv.gz	AGGAC
640	/wynton/home/ahituv/fongsl/dna/hs1/kmers/18mers/ALL.TAGAT.18mers-nullomers.csv.gz	TAGAT
641	/wynton/home/ahituv/fongsl/dna/hs1/kmers/18mers/ALL.ACAGA.18mers-nullomers.csv.gz	ACAGA
642	/wynton/home/ahituv/fongsl/dna/hs1/kmers/18mers/ALL.TAATA.18mers-nullomers.csv.gz	TAATA
643	/wynton/home/ahituv/fongsl/dna/hs1/kmers/18mers/ALL.CCATC.18mers-nullomers.csv.gz	CCATC
644	/wynton/home/ahituv/fongsl/dna/hs1/kmers/18mers/ALL.CGTTT.18mers-nullomers.csv.gz	CGTTT
645	/wynton/home/ahituv/fongsl/dna/hs1/kmers/18mers/ALL.ACTGA.18mers-nullomers.csv.gz	ACTGA
646	/wynton/home/ahituv/fongsl/dna/hs1/kmers/18mers/ALL.CGAGG.18mers-nullomers.csv.gz	CGAGG
647	/wynton/home/ahituv/fongsl/dna/hs1/kmers/18mers/ALL.GTCAG.18mers-nullomers.csv.gz	GTCAG
648	/wynton/home/ahituv/fongsl/dna/hs1/kmers/18mers/ALL.TTGAA.18mers-nullomers.csv.gz	TTGAA
649	/wynton/home/ahituv/fongsl/dna/hs1/kmers/18mers/ALL.TTATC.18mers-nullomers.csv.gz	TTATC
650	/wynton/home/ahituv/fongsl/dna/hs1/kmers/18mers/ALL.AGGCT.18mers-nullomers.csv.gz	AGGCT
651	/wynton/home/ahituv/fongsl/dna/hs1/kmers/18mers/ALL.CAGGT.18mers-nullomers.csv.gz	CAGGT
652	/wynton/home/ahituv/fongsl/dna/hs1/kmers/18mers/ALL.GTAGA.18mers-nullomers.csv.gz	GTAGA
653	/wynton/home/ahituv/fongsl/dna/hs1/kmers/18mers/ALL.AGCCC.18mers-nullomers.csv.gz	AGCCC
654	/wynton/home/ahituv/fongsl/dna/hs1/kmers/18mers/ALL.TGTCG.18mers-nullomers.csv.gz	TGTCG
655	/wynton/home/ahituv/fongsl/dna/hs1/kmers/18mers/ALL.GCCGC.18mers-nullomers.csv.gz	GCCGC
656	/wynton/home/ahituv/fongsl/dna/hs1/kmers/18mers/ALL.CGTTC.18mers-nullomers.csv.gz	CGTTC
657	/wynton/home/ahituv/fongsl/dna/hs1/kmers/18mers/ALL.CCCGT.18mers-nullomers.csv.gz	CCCGT
658	/wynton/home/ahituv/fongsl/dna/hs1/kmers/18mers/ALL.GGGCT.18mers-nullomers.csv.gz	GGGCT
659	/wynton/home/ahituv/fongsl/dna/hs1/kmers/18mers/ALL.GAAGT.18mers-nullomers.csv.gz	GAAGT
660	/wynton/home/ahituv/fongsl/dna/hs1/kmers/18mers/ALL.CCGGT.18mers-nullomers.csv.gz	CCGGT
661	/wynton/home/ahituv/fongsl/dna/hs1/kmers/18mers/ALL.AAGTC.18mers-nullomers.csv.gz	AAGTC
662	/wynton/home/ahituv/fongsl/dna/hs1/kmers/18mers/ALL.ATTGA.18mers-nullomers.csv.gz	ATTGA
663	/wynton/home/ahituv/fongsl/dna/hs1/kmers/18mers/ALL.CGTCG.18mers-nullomers.csv.gz	CGTCG
664	/wynton/home/ahituv/fongsl/dna/hs1/kmers/18mers/ALL.GGTGC.18mers-nullomers.csv.gz	GGTGC
665	/wynton/home/ahituv/fongsl/dna/hs1/kmers/18mers/ALL.GTGAG.18mers-nullomers.csv.gz	GTGAG
666	/wynton/home/ahituv/fongsl/dna/hs1/kmers/18mers/ALL.TCTCC.18mers-nullomers.csv.gz	TCTCC
667	/wynton/home/ahituv/fongsl/dna/hs1/kmers/18mers/ALL.AGTTA.18mers-nullomers.csv.gz	AGTTA
668	/wynton/home/ahituv/fongsl/dna/hs1/kmers/18mers/ALL.TGGCA.18mers-nullomers.csv.gz	TGGCA
669	/wynton/home/ahituv/fongsl/dna/hs1/kmers/18mers/ALL.AAAAG.18mers-nullomers.csv.gz	AAAAG
670	/wynton/home/ahituv/fongsl/dna/hs1/kmers/18mers/ALL.GAATT.18mers-nullomers.csv.gz	GAATT
671	/wynton/home/ahituv/fongsl/dna/hs1/kmers/18mers/ALL.GTATT.18mers-nullomers.csv.gz	GTATT
672	/wynton/home/ahituv/fongsl/dna/hs1/kmers/18mers/ALL.CAGTC.18mers-nullomers.csv.gz	CAGTC
673	/wynton/home/ahituv/fongsl/dna/hs1/kmers/18mers/ALL.GGACG.18mers-nullomers.csv.gz	GGACG
674	/wynton/home/ahituv/fongsl/dna/hs1/kmers/18mers/ALL.TGCTC.18mers-nullomers.csv.gz	TGCTC
675	/wynton/home/ahituv/fongsl/dna/hs1/kmers/18mers/ALL.GGGAG.18mers-nullomers.csv.gz	GGGAG
676	/wynton/home/ahituv/fongsl/dna/hs1/kmers/18mers/ALL.TTCAA.18mers-nullomers.csv.gz	TTCAA
677	/wynton/home/ahituv/fongsl/dna/hs1/kmers/18mers/ALL.TCTTA.18mers-nullomers.csv.gz	TCTTA
678	/wynton/home/ahituv/fongsl/dna/hs1/kmers/18mers/ALL.ACACA.18mers-nullomers.csv.gz	ACACA
679	/wynton/home/ahituv/fongsl/dna/hs1/kmers/18mers/ALL.GAGCC.18mers-nullomers.csv.gz	GAGCC
680	/wynton/home/ahituv/fongsl/dna/hs1/kmers/18mers/ALL.CCTGC.18mers-nullomers.csv.gz	CCTGC
681	/wynton/home/ahituv/fongsl/dna/hs1/kmers/18mers/ALL.TCATG.18mers-nullomers.csv.gz	TCATG
682	/wynton/home/ahituv/fongsl/dna/hs1/kmers/18mers/ALL.CCCGA.18mers-nullomers.csv.gz	CCCGA
683	/wynton/home/ahituv/fongsl/dna/hs1/kmers/18mers/ALL.TAAGC.18mers-nullomers.csv.gz	TAAGC
684	/wynton/home/ahituv/fongsl/dna/hs1/kmers/18mers/ALL.TTGTT.18mers-nullomers.csv.gz	TTGTT
685	/wynton/home/ahituv/fongsl/dna/hs1/kmers/18mers/ALL.GTTTT.18mers-nullomers.csv.gz	GTTTT
686	/wynton/home/ahituv/fongsl/dna/hs1/kmers/18mers/ALL.AACAC.18mers-nullomers.csv.gz	AACAC
687	/wynton/home/ahituv/fongsl/dna/hs1/kmers/18mers/ALL.GTCGA.18mers-nullomers.csv.gz	GTCGA
688	/wynton/home/ahituv/fongsl/dna/hs1/kmers/18mers/ALL.GTATA.18mers-nullomers.csv.gz	GTATA
689	/wynton/home/ahituv/fongsl/dna/hs1/kmers/18mers/ALL.AGCCT.18mers-nullomers.csv.gz	AGCCT
690	/wynton/home/ahituv/fongsl/dna/hs1/kmers/18mers/ALL.AAACG.18mers-nullomers.csv.gz	AAACG
691	/wynton/home/ahituv/fongsl/dna/hs1/kmers/18mers/ALL.TACAC.18mers-nullomers.csv.gz	TACAC
692	/wynton/home/ahituv/fongsl/dna/hs1/kmers/18mers/ALL.TAGTT.18mers-nullomers.csv.gz	TAGTT
693	/wynton/home/ahituv/fongsl/dna/hs1/kmers/18mers/ALL.GGCTT.18mers-nullomers.csv.gz	GGCTT
694	/wynton/home/ahituv/fongsl/dna/hs1/kmers/18mers/ALL.CTGCG.18mers-nullomers.csv.gz	CTGCG
695	/wynton/home/ahituv/fongsl/dna/hs1/kmers/18mers/ALL.CCAGT.18mers-nullomers.csv.gz	CCAGT
696	/wynton/home/ahituv/fongsl/dna/hs1/kmers/18mers/ALL.GCGTT.18mers-nullomers.csv.gz	GCGTT
697	/wynton/home/ahituv/fongsl/dna/hs1/kmers/18mers/ALL.CTTGA.18mers-nullomers.csv.gz	CTTGA
698	/wynton/home/ahituv/fongsl/dna/hs1/kmers/18mers/ALL.TATTC.18mers-nullomers.csv.gz	TATTC
699	/wynton/home/ahituv/fongsl/dna/hs1/kmers/18mers/ALL.CTTTA.18mers-nullomers.csv.gz	CTTTA
700	/wynton/home/ahituv/fongsl/dna/hs1/kmers/18mers/ALL.ACATT.18mers-nullomers.csv.gz	ACATT
701	/wynton/home/ahituv/fongsl/dna/hs1/kmers/18mers/ALL.AATAA.18mers-nullomers.csv.gz	AATAA
702	/wynton/home/ahituv/fongsl/dna/hs1/kmers/18mers/ALL.GGTAG.18mers-nullomers.csv.gz	GGTAG
703	/wynton/home/ahituv/fongsl/dna/hs1/kmers/18mers/ALL.ACTGT.18mers-nullomers.csv.gz	ACTGT
704	/wynton/home/ahituv/fongsl/dna/hs1/kmers/18mers/ALL.GGCGA.18mers-nullomers.csv.gz	GGCGA
705	/wynton/home/ahituv/fongsl/dna/hs1/kmers/18mers/ALL.ACTTC.18mers-nullomers.csv.gz	ACTTC
706	/wynton/home/ahituv/fongsl/dna/hs1/kmers/18mers/ALL.ATGAT.18mers-nullomers.csv.gz	ATGAT
707	/wynton/home/ahituv/fongsl/dna/hs1/kmers/18mers/ALL.GAGTG.18mers-nullomers.csv.gz	GAGTG
708	/wynton/home/ahituv/fongsl/dna/hs1/kmers/18mers/ALL.GATTG.18mers-nullomers.csv.gz	GATTG
709	/wynton/home/ahituv/fongsl/dna/hs1/kmers/18mers/ALL.CATTC.18mers-nullomers.csv.gz	CATTC
710	/wynton/home/ahituv/fongsl/dna/hs1/kmers/18mers/ALL.AGGCC.18mers-nullomers.csv.gz	AGGCC
711	/wynton/home/ahituv/fongsl/dna/hs1/kmers/18mers/ALL.TGGTA.18mers-nullomers.csv.gz	TGGTA
712	/wynton/home/ahituv/fongsl/dna/hs1/kmers/18mers/ALL.AGCGA.18mers-nullomers.csv.gz	AGCGA
713	/wynton/home/ahituv/fongsl/dna/hs1/kmers/18mers/ALL.TCAGA.18mers-nullomers.csv.gz	TCAGA
714	/wynton/home/ahituv/fongsl/dna/hs1/kmers/18mers/ALL.ACAAC.18mers-nullomers.csv.gz	ACAAC
715	/wynton/home/ahituv/fongsl/dna/hs1/kmers/18mers/ALL.ACTCA.18mers-nullomers.csv.gz	ACTCA
716	/wynton/home/ahituv/fongsl/dna/hs1/kmers/18mers/ALL.GACCA.18mers-nullomers.csv.gz	GACCA
717	/wynton/home/ahituv/fongsl/dna/hs1/kmers/18mers/ALL.CAGCA.18mers-nullomers.csv.gz	CAGCA
718	/wynton/home/ahituv/fongsl/dna/hs1/kmers/18mers/ALL.AGGAT.18mers-nullomers.csv.gz	AGGAT
719	/wynton/home/ahituv/fongsl/dna/hs1/kmers/18mers/ALL.TTGTC.18mers-nullomers.csv.gz	TTGTC
720	/wynton/home/ahituv/fongsl/dna/hs1/kmers/18mers/ALL.ATAGA.18mers-nullomers.csv.gz	ATAGA
721	/wynton/home/ahituv/fongsl/dna/hs1/kmers/18mers/ALL.AGTAT.18mers-nullomers.csv.gz	AGTAT
722	/wynton/home/ahituv/fongsl/dna/hs1/kmers/18mers/ALL.ATATT.18mers-nullomers.csv.gz	ATATT
723	/wynton/home/ahituv/fongsl/dna/hs1/kmers/18mers/ALL.ACACT.18mers-nullomers.csv.gz	ACACT
724	/wynton/home/ahituv/fongsl/dna/hs1/kmers/18mers/ALL.TGTAT.18mers-nullomers.csv.gz	TGTAT
725	/wynton/home/ahituv/fongsl/dna/hs1/kmers/18mers/ALL.GCTAT.18mers-nullomers.csv.gz	GCTAT
726	/wynton/home/ahituv/fongsl/dna/hs1/kmers/18mers/ALL.GAACC.18mers-nullomers.csv.gz	GAACC
727	/wynton/home/ahituv/fongsl/dna/hs1/kmers/18mers/ALL.ACATC.18mers-nullomers.csv.gz	ACATC
728	/wynton/home/ahituv/fongsl/dna/hs1/kmers/18mers/ALL.GTACG.18mers-nullomers.csv.gz	GTACG
729	/wynton/home/ahituv/fongsl/dna/hs1/kmers/18mers/ALL.CAATA.18mers-nullomers.csv.gz	CAATA
730	/wynton/home/ahituv/fongsl/dna/hs1/kmers/18mers/ALL.GGTTT.18mers-nullomers.csv.gz	GGTTT
731	/wynton/home/ahituv/fongsl/dna/hs1/kmers/18mers/ALL.GAAGA.18mers-nullomers.csv.gz	GAAGA
732	/wynton/home/ahituv/fongsl/dna/hs1/kmers/18mers/ALL.GATGC.18mers-nullomers.csv.gz	GATGC
733	/wynton/home/ahituv/fongsl/dna/hs1/kmers/18mers/ALL.TAAGT.18mers-nullomers.csv.gz	TAAGT
734	/wynton/home/ahituv/fongsl/dna/hs1/kmers/18mers/ALL.TTTGG.18mers-nullomers.csv.gz	TTTGG
735	/wynton/home/ahituv/fongsl/dna/hs1/kmers/18mers/ALL.GGCCG.18mers-nullomers.csv.gz	GGCCG
736	/wynton/home/ahituv/fongsl/dna/hs1/kmers/18mers/ALL.ACGGG.18mers-nullomers.csv.gz	ACGGG
737	/wynton/home/ahituv/fongsl/dna/hs1/kmers/18mers/ALL.ATACG.18mers-nullomers.csv.gz	ATACG
738	/wynton/home/ahituv/fongsl/dna/hs1/kmers/18mers/ALL.TTAGT.18mers-nullomers.csv.gz	TTAGT
739	/wynton/home/ahituv/fongsl/dna/hs1/kmers/18mers/ALL.ACGAC.18mers-nullomers.csv.gz	ACGAC
740	/wynton/home/ahituv/fongsl/dna/hs1/kmers/18mers/ALL.CCGAG.18mers-nullomers.csv.gz	CCGAG
741	/wynton/home/ahituv/fongsl/dna/hs1/kmers/18mers/ALL.GCACT.18mers-nullomers.csv.gz	GCACT
742	/wynton/home/ahituv/fongsl/dna/hs1/kmers/18mers/ALL.ACGTG.18mers-nullomers.csv.gz	ACGTG
743	/wynton/home/ahituv/fongsl/dna/hs1/kmers/18mers/ALL.CTCCG.18mers-nullomers.csv.gz	CTCCG
744	/wynton/home/ahituv/fongsl/dna/hs1/kmers/18mers/ALL.GAAGC.18mers-nullomers.csv.gz	GAAGC
745	/wynton/home/ahituv/fongsl/dna/hs1/kmers/18mers/ALL.TACGC.18mers-nullomers.csv.gz	TACGC
746	/wynton/home/ahituv/fongsl/dna/hs1/kmers/18mers/ALL.TCACC.18mers-nullomers.csv.gz	TCACC
747	/wynton/home/ahituv/fongsl/dna/hs1/kmers/18mers/ALL.TCCTC.18mers-nullomers.csv.gz	TCCTC
748	/wynton/home/ahituv/fongsl/dna/hs1/kmers/18mers/ALL.ACCCC.18mers-nullomers.csv.gz	ACCCC
749	/wynton/home/ahituv/fongsl/dna/hs1/kmers/18mers/ALL.AAAAT.18mers-nullomers.csv.gz	AAAAT
750	/wynton/home/ahituv/fongsl/dna/hs1/kmers/18mers/ALL.ATAGC.18mers-nullomers.csv.gz	ATAGC
751	/wynton/home/ahituv/fongsl/dna/hs1/kmers/18mers/ALL.CGCAC.18mers-nullomers.csv.gz	CGCAC
752	/wynton/home/ahituv/fongsl/dna/hs1/kmers/18mers/ALL.TAGGT.18mers-nullomers.csv.gz	TAGGT
753	/wynton/home/ahituv/fongsl/dna/hs1/kmers/18mers/ALL.GGCGC.18mers-nullomers.csv.gz	GGCGC
754	/wynton/home/ahituv/fongsl/dna/hs1/kmers/18mers/ALL.AGCTG.18mers-nullomers.csv.gz	AGCTG
755	/wynton/home/ahituv/fongsl/dna/hs1/kmers/18mers/ALL.AGATC.18mers-nullomers.csv.gz	AGATC
756	/wynton/home/ahituv/fongsl/dna/hs1/kmers/18mers/ALL.GACGA.18mers-nullomers.csv.gz	GACGA
757	/wynton/home/ahituv/fongsl/dna/hs1/kmers/18mers/ALL.TGGTT.18mers-nullomers.csv.gz	TGGTT
758	/wynton/home/ahituv/fongsl/dna/hs1/kmers/18mers/ALL.TGCAT.18mers-nullomers.csv.gz	TGCAT
759	/wynton/home/ahituv/fongsl/dna/hs1/kmers/18mers/ALL.CATTT.18mers-nullomers.csv.gz	CATTT
760	/wynton/home/ahituv/fongsl/dna/hs1/kmers/18mers/ALL.TACTT.18mers-nullomers.csv.gz	TACTT
761	/wynton/home/ahituv/fongsl/dna/hs1/kmers/18mers/ALL.TGAAG.18mers-nullomers.csv.gz	TGAAG
762	/wynton/home/ahituv/fongsl/dna/hs1/kmers/18mers/ALL.TTGTG.18mers-nullomers.csv.gz	TTGTG
763	/wynton/home/ahituv/fongsl/dna/hs1/kmers/18mers/ALL.TACCT.18mers-nullomers.csv.gz	TACCT
764	/wynton/home/ahituv/fongsl/dna/hs1/kmers/18mers/ALL.AATCG.18mers-nullomers.csv.gz	AATCG
765	/wynton/home/ahituv/fongsl/dna/hs1/kmers/18mers/ALL.GAGCA.18mers-nullomers.csv.gz	GAGCA
766	/wynton/home/ahituv/fongsl/dna/hs1/kmers/18mers/ALL.CGCCA.18mers-nullomers.csv.gz	CGCCA
767	/wynton/home/ahituv/fongsl/dna/hs1/kmers/18mers/ALL.CACAT.18mers-nullomers.csv.gz	CACAT
768	/wynton/home/ahituv/fongsl/dna/hs1/kmers/18mers/ALL.GGTGG.18mers-nullomers.csv.gz	GGTGG
769	/wynton/home/ahituv/fongsl/dna/hs1/kmers/18mers/ALL.TCGGA.18mers-nullomers.csv.gz	TCGGA
770	/wynton/home/ahituv/fongsl/dna/hs1/kmers/18mers/ALL.GCTTC.18mers-nullomers.csv.gz	GCTTC
771	/wynton/home/ahituv/fongsl/dna/hs1/kmers/18mers/ALL.AATCC.18mers-nullomers.csv.gz	AATCC
772	/wynton/home/ahituv/fongsl/dna/hs1/kmers/18mers/ALL.TAAAG.18mers-nullomers.csv.gz	TAAAG
773	/wynton/home/ahituv/fongsl/dna/hs1/kmers/18mers/ALL.GCGAT.18mers-nullomers.csv.gz	GCGAT
774	/wynton/home/ahituv/fongsl/dna/hs1/kmers/18mers/ALL.AGAGC.18mers-nullomers.csv.gz	AGAGC
775	/wynton/home/ahituv/fongsl/dna/hs1/kmers/18mers/ALL.CACCC.18mers-nullomers.csv.gz	CACCC
776	/wynton/home/ahituv/fongsl/dna/hs1/kmers/18mers/ALL.CAATG.18mers-nullomers.csv.gz	CAATG
777	/wynton/home/ahituv/fongsl/dna/hs1/kmers/18mers/ALL.GCCGT.18mers-nullomers.csv.gz	GCCGT
778	/wynton/home/ahituv/fongsl/dna/hs1/kmers/18mers/ALL.GCGGT.18mers-nullomers.csv.gz	GCGGT
779	/wynton/home/ahituv/fongsl/dna/hs1/kmers/18mers/ALL.TTCCG.18mers-nullomers.csv.gz	TTCCG
780	/wynton/home/ahituv/fongsl/dna/hs1/kmers/18mers/ALL.CTTAG.18mers-nullomers.csv.gz	CTTAG
781	/wynton/home/ahituv/fongsl/dna/hs1/kmers/18mers/ALL.AGGTA.18mers-nullomers.csv.gz	AGGTA
782	/wynton/home/ahituv/fongsl/dna/hs1/kmers/18mers/ALL.CTTAT.18mers-nullomers.csv.gz	CTTAT
783	/wynton/home/ahituv/fongsl/dna/hs1/kmers/18mers/ALL.CGAGT.18mers-nullomers.csv.gz	CGAGT
784	/wynton/home/ahituv/fongsl/dna/hs1/kmers/18mers/ALL.CCGAC.18mers-nullomers.csv.gz	CCGAC
785	/wynton/home/ahituv/fongsl/dna/hs1/kmers/18mers/ALL.CGTAA.18mers-nullomers.csv.gz	CGTAA
786	/wynton/home/ahituv/fongsl/dna/hs1/kmers/18mers/ALL.GGCTC.18mers-nullomers.csv.gz	GGCTC
787	/wynton/home/ahituv/fongsl/dna/hs1/kmers/18mers/ALL.CTCCC.18mers-nullomers.csv.gz	CTCCC
788	/wynton/home/ahituv/fongsl/dna/hs1/kmers/18mers/ALL.ATGCC.18mers-nullomers.csv.gz	ATGCC
789	/wynton/home/ahituv/fongsl/dna/hs1/kmers/18mers/ALL.CCGTT.18mers-nullomers.csv.gz	CCGTT
790	/wynton/home/ahituv/fongsl/dna/hs1/kmers/18mers/ALL.GTAGT.18mers-nullomers.csv.gz	GTAGT
791	/wynton/home/ahituv/fongsl/dna/hs1/kmers/18mers/ALL.CTTTG.18mers-nullomers.csv.gz	CTTTG
792	/wynton/home/ahituv/fongsl/dna/hs1/kmers/18mers/ALL.TCGTA.18mers-nullomers.csv.gz	TCGTA
793	/wynton/home/ahituv/fongsl/dna/hs1/kmers/18mers/ALL.ATCAG.18mers-nullomers.csv.gz	ATCAG
794	/wynton/home/ahituv/fongsl/dna/hs1/kmers/18mers/ALL.ATCGA.18mers-nullomers.csv.gz	ATCGA
795	/wynton/home/ahituv/fongsl/dna/hs1/kmers/18mers/ALL.TCATT.18mers-nullomers.csv.gz	TCATT
796	/wynton/home/ahituv/fongsl/dna/hs1/kmers/18mers/ALL.GGCCA.18mers-nullomers.csv.gz	GGCCA
797	/wynton/home/ahituv/fongsl/dna/hs1/kmers/18mers/ALL.CACCG.18mers-nullomers.csv.gz	CACCG
798	/wynton/home/ahituv/fongsl/dna/hs1/kmers/18mers/ALL.TATCA.18mers-nullomers.csv.gz	TATCA
799	/wynton/home/ahituv/fongsl/dna/hs1/kmers/18mers/ALL.TTCTT.18mers-nullomers.csv.gz	TTCTT
800	/wynton/home/ahituv/fongsl/dna/hs1/kmers/18mers/ALL.TAGTA.18mers-nullomers.csv.gz	TAGTA
801	/wynton/home/ahituv/fongsl/dna/hs1/kmers/18mers/ALL.TTTAA.18mers-nullomers.csv.gz	TTTAA
802	/wynton/home/ahituv/fongsl/dna/hs1/kmers/18mers/ALL.TTAGC.18mers-nullomers.csv.gz	TTAGC
803	/wynton/home/ahituv/fongsl/dna/hs1/kmers/18mers/ALL.TTGCT.18mers-nullomers.csv.gz	TTGCT
804	/wynton/home/ahituv/fongsl/dna/hs1/kmers/18mers/ALL.CGACG.18mers-nullomers.csv.gz	CGACG
805	/wynton/home/ahituv/fongsl/dna/hs1/kmers/18mers/ALL.AGTCT.18mers-nullomers.csv.gz	AGTCT
806	/wynton/home/ahituv/fongsl/dna/hs1/kmers/18mers/ALL.AAGCA.18mers-nullomers.csv.gz	AAGCA
807	/wynton/home/ahituv/fongsl/dna/hs1/kmers/18mers/ALL.CGGCG.18mers-nullomers.csv.gz	CGGCG
808	/wynton/home/ahituv/fongsl/dna/hs1/kmers/18mers/ALL.GAATC.18mers-nullomers.csv.gz	GAATC
809	/wynton/home/ahituv/fongsl/dna/hs1/kmers/18mers/ALL.AGTGC.18mers-nullomers.csv.gz	AGTGC
810	/wynton/home/ahituv/fongsl/dna/hs1/kmers/18mers/ALL.GCTGA.18mers-nullomers.csv.gz	GCTGA
811	/wynton/home/ahituv/fongsl/dna/hs1/kmers/18mers/ALL.GTTTC.18mers-nullomers.csv.gz	GTTTC
812	/wynton/home/ahituv/fongsl/dna/hs1/kmers/18mers/ALL.TATAA.18mers-nullomers.csv.gz	TATAA
813	/wynton/home/ahituv/fongsl/dna/hs1/kmers/18mers/ALL.TCTAA.18mers-nullomers.csv.gz	TCTAA
814	/wynton/home/ahituv/fongsl/dna/hs1/kmers/18mers/ALL.TCTTG.18mers-nullomers.csv.gz	TCTTG
815	/wynton/home/ahituv/fongsl/dna/hs1/kmers/18mers/ALL.TGAAC.18mers-nullomers.csv.gz	TGAAC
816	/wynton/home/ahituv/fongsl/dna/hs1/kmers/18mers/ALL.TCGCA.18mers-nullomers.csv.gz	TCGCA
817	/wynton/home/ahituv/fongsl/dna/hs1/kmers/18mers/ALL.TAATG.18mers-nullomers.csv.gz	TAATG
818	/wynton/home/ahituv/fongsl/dna/hs1/kmers/18mers/ALL.GTTGA.18mers-nullomers.csv.gz	GTTGA
819	/wynton/home/ahituv/fongsl/dna/hs1/kmers/18mers/ALL.GGATG.18mers-nullomers.csv.gz	GGATG
820	/wynton/home/ahituv/fongsl/dna/hs1/kmers/18mers/ALL.TGTGA.18mers-nullomers.csv.gz	TGTGA
821	/wynton/home/ahituv/fongsl/dna/hs1/kmers/18mers/ALL.CGCAT.18mers-nullomers.csv.gz	CGCAT
822	/wynton/home/ahituv/fongsl/dna/hs1/kmers/18mers/ALL.CCAAC.18mers-nullomers.csv.gz	CCAAC
823	/wynton/home/ahituv/fongsl/dna/hs1/kmers/18mers/ALL.GCTCG.18mers-nullomers.csv.gz	GCTCG
824	/wynton/home/ahituv/fongsl/dna/hs1/kmers/18mers/ALL.CTCGG.18mers-nullomers.csv.gz	CTCGG
825	/wynton/home/ahituv/fongsl/dna/hs1/kmers/18mers/ALL.GGCAT.18mers-nullomers.csv.gz	GGCAT
826	/wynton/home/ahituv/fongsl/dna/hs1/kmers/18mers/ALL.GTGAC.18mers-nullomers.csv.gz	GTGAC
827	/wynton/home/ahituv/fongsl/dna/hs1/kmers/18mers/ALL.CTAAC.18mers-nullomers.csv.gz	CTAAC
828	/wynton/home/ahituv/fongsl/dna/hs1/kmers/18mers/ALL.AAGCT.18mers-nullomers.csv.gz	AAGCT
829	/wynton/home/ahituv/fongsl/dna/hs1/kmers/18mers/ALL.TGCTA.18mers-nullomers.csv.gz	TGCTA
830	/wynton/home/ahituv/fongsl/dna/hs1/kmers/18mers/ALL.TAGAC.18mers-nullomers.csv.gz	TAGAC
831	/wynton/home/ahituv/fongsl/dna/hs1/kmers/18mers/ALL.AACCT.18mers-nullomers.csv.gz	AACCT
832	/wynton/home/ahituv/fongsl/dna/hs1/kmers/18mers/ALL.AAAGG.18mers-nullomers.csv.gz	AAAGG
833	/wynton/home/ahituv/fongsl/dna/hs1/kmers/18mers/ALL.GTCAT.18mers-nullomers.csv.gz	GTCAT
834	/wynton/home/ahituv/fongsl/dna/hs1/kmers/18mers/ALL.ACTGC.18mers-nullomers.csv.gz	ACTGC
835	/wynton/home/ahituv/fongsl/dna/hs1/kmers/18mers/ALL.ACAAA.18mers-nullomers.csv.gz	ACAAA
836	/wynton/home/ahituv/fongsl/dna/hs1/kmers/18mers/ALL.CCATT.18mers-nullomers.csv.gz	CCATT
837	/wynton/home/ahituv/fongsl/dna/hs1/kmers/18mers/ALL.GATGG.18mers-nullomers.csv.gz	GATGG
838	/wynton/home/ahituv/fongsl/dna/hs1/kmers/18mers/ALL.GTAGC.18mers-nullomers.csv.gz	GTAGC
839	/wynton/home/ahituv/fongsl/dna/hs1/kmers/18mers/ALL.GTGTA.18mers-nullomers.csv.gz	GTGTA
840	/wynton/home/ahituv/fongsl/dna/hs1/kmers/18mers/ALL.GAAAA.18mers-nullomers.csv.gz	GAAAA
841	/wynton/home/ahituv/fongsl/dna/hs1/kmers/18mers/ALL.TGCCG.18mers-nullomers.csv.gz	TGCCG
842	/wynton/home/ahituv/fongsl/dna/hs1/kmers/18mers/ALL.TTACT.18mers-nullomers.csv.gz	TTACT
843	/wynton/home/ahituv/fongsl/dna/hs1/kmers/18mers/ALL.TCGGT.18mers-nullomers.csv.gz	TCGGT
844	/wynton/home/ahituv/fongsl/dna/hs1/kmers/18mers/ALL.ACACG.18mers-nullomers.csv.gz	ACACG
845	/wynton/home/ahituv/fongsl/dna/hs1/kmers/18mers/ALL.AGCGT.18mers-nullomers.csv.gz	AGCGT
846	/wynton/home/ahituv/fongsl/dna/hs1/kmers/18mers/ALL.CACTG.18mers-nullomers.csv.gz	CACTG
847	/wynton/home/ahituv/fongsl/dna/hs1/kmers/18mers/ALL.GAACA.18mers-nullomers.csv.gz	GAACA
848	/wynton/home/ahituv/fongsl/dna/hs1/kmers/18mers/ALL.CTGAT.18mers-nullomers.csv.gz	CTGAT
849	/wynton/home/ahituv/fongsl/dna/hs1/kmers/18mers/ALL.CAAGG.18mers-nullomers.csv.gz	CAAGG
850	/wynton/home/ahituv/fongsl/dna/hs1/kmers/18mers/ALL.TGCTG.18mers-nullomers.csv.gz	TGCTG
851	/wynton/home/ahituv/fongsl/dna/hs1/kmers/18mers/ALL.GGAGT.18mers-nullomers.csv.gz	GGAGT
852	/wynton/home/ahituv/fongsl/dna/hs1/kmers/18mers/ALL.GGTTG.18mers-nullomers.csv.gz	GGTTG
853	/wynton/home/ahituv/fongsl/dna/hs1/kmers/18mers/ALL.TCGGG.18mers-nullomers.csv.gz	TCGGG
854	/wynton/home/ahituv/fongsl/dna/hs1/kmers/18mers/ALL.GTCGT.18mers-nullomers.csv.gz	GTCGT
855	/wynton/home/ahituv/fongsl/dna/hs1/kmers/18mers/ALL.TCACA.18mers-nullomers.csv.gz	TCACA
856	/wynton/home/ahituv/fongsl/dna/hs1/kmers/18mers/ALL.TGACA.18mers-nullomers.csv.gz	TGACA
857	/wynton/home/ahituv/fongsl/dna/hs1/kmers/18mers/ALL.GAGGT.18mers-nullomers.csv.gz	GAGGT
858	/wynton/home/ahituv/fongsl/dna/hs1/kmers/18mers/ALL.TGAAT.18mers-nullomers.csv.gz	TGAAT
859	/wynton/home/ahituv/fongsl/dna/hs1/kmers/18mers/ALL.CTCCA.18mers-nullomers.csv.gz	CTCCA
860	/wynton/home/ahituv/fongsl/dna/hs1/kmers/18mers/ALL.ACCGT.18mers-nullomers.csv.gz	ACCGT
861	/wynton/home/ahituv/fongsl/dna/hs1/kmers/18mers/ALL.GGAAA.18mers-nullomers.csv.gz	GGAAA
862	/wynton/home/ahituv/fongsl/dna/hs1/kmers/18mers/ALL.TTCCA.18mers-nullomers.csv.gz	TTCCA
863	/wynton/home/ahituv/fongsl/dna/hs1/kmers/18mers/ALL.AATTA.18mers-nullomers.csv.gz	AATTA
864	/wynton/home/ahituv/fongsl/dna/hs1/kmers/18mers/ALL.CGTGG.18mers-nullomers.csv.gz	CGTGG
865	/wynton/home/ahituv/fongsl/dna/hs1/kmers/18mers/ALL.GTAAC.18mers-nullomers.csv.gz	GTAAC
866	/wynton/home/ahituv/fongsl/dna/hs1/kmers/18mers/ALL.TTCGG.18mers-nullomers.csv.gz	TTCGG
867	/wynton/home/ahituv/fongsl/dna/hs1/kmers/18mers/ALL.TCTAT.18mers-nullomers.csv.gz	TCTAT
868	/wynton/home/ahituv/fongsl/dna/hs1/kmers/18mers/ALL.ACGCA.18mers-nullomers.csv.gz	ACGCA
869	/wynton/home/ahituv/fongsl/dna/hs1/kmers/18mers/ALL.ATCCG.18mers-nullomers.csv.gz	ATCCG
870	/wynton/home/ahituv/fongsl/dna/hs1/kmers/18mers/ALL.GCGGA.18mers-nullomers.csv.gz	GCGGA
871	/wynton/home/ahituv/fongsl/dna/hs1/kmers/18mers/ALL.TCAGG.18mers-nullomers.csv.gz	TCAGG
872	/wynton/home/ahituv/fongsl/dna/hs1/kmers/18mers/ALL.CCCTA.18mers-nullomers.csv.gz	CCCTA
873	/wynton/home/ahituv/fongsl/dna/hs1/kmers/18mers/ALL.TATAC.18mers-nullomers.csv.gz	TATAC
874	/wynton/home/ahituv/fongsl/dna/hs1/kmers/18mers/ALL.CCGTA.18mers-nullomers.csv.gz	CCGTA
875	/wynton/home/ahituv/fongsl/dna/hs1/kmers/18mers/ALL.CCACG.18mers-nullomers.csv.gz	CCACG
876	/wynton/home/ahituv/fongsl/dna/hs1/kmers/18mers/ALL.ATGTC.18mers-nullomers.csv.gz	ATGTC
877	/wynton/home/ahituv/fongsl/dna/hs1/kmers/18mers/ALL.ACGCC.18mers-nullomers.csv.gz	ACGCC
878	/wynton/home/ahituv/fongsl/dna/hs1/kmers/18mers/ALL.CATAG.18mers-nullomers.csv.gz	CATAG
879	/wynton/home/ahituv/fongsl/dna/hs1/kmers/18mers/ALL.CGATC.18mers-nullomers.csv.gz	CGATC
880	/wynton/home/ahituv/fongsl/dna/hs1/kmers/18mers/ALL.TCTGG.18mers-nullomers.csv.gz	TCTGG
881	/wynton/home/ahituv/fongsl/dna/hs1/kmers/18mers/ALL.TTTAT.18mers-nullomers.csv.gz	TTTAT
882	/wynton/home/ahituv/fongsl/dna/hs1/kmers/18mers/ALL.CACGA.18mers-nullomers.csv.gz	CACGA
883	/wynton/home/ahituv/fongsl/dna/hs1/kmers/18mers/ALL.GGGTG.18mers-nullomers.csv.gz	GGGTG
884	/wynton/home/ahituv/fongsl/dna/hs1/kmers/18mers/ALL.GCAGA.18mers-nullomers.csv.gz	GCAGA
885	/wynton/home/ahituv/fongsl/dna/hs1/kmers/18mers/ALL.GCCCC.18mers-nullomers.csv.gz	GCCCC
886	/wynton/home/ahituv/fongsl/dna/hs1/kmers/18mers/ALL.ACCTG.18mers-nullomers.csv.gz	ACCTG
887	/wynton/home/ahituv/fongsl/dna/hs1/kmers/18mers/ALL.CAGCC.18mers-nullomers.csv.gz	CAGCC
888	/wynton/home/ahituv/fongsl/dna/hs1/kmers/18mers/ALL.GATTT.18mers-nullomers.csv.gz	GATTT
889	/wynton/home/ahituv/fongsl/dna/hs1/kmers/18mers/ALL.GGGAA.18mers-nullomers.csv.gz	GGGAA
890	/wynton/home/ahituv/fongsl/dna/hs1/kmers/18mers/ALL.TTAAA.18mers-nullomers.csv.gz	TTAAA
891	/wynton/home/ahituv/fongsl/dna/hs1/kmers/18mers/ALL.CACCA.18mers-nullomers.csv.gz	CACCA
892	/wynton/home/ahituv/fongsl/dna/hs1/kmers/18mers/ALL.GTAAG.18mers-nullomers.csv.gz	GTAAG
893	/wynton/home/ahituv/fongsl/dna/hs1/kmers/18mers/ALL.CAGCT.18mers-nullomers.csv.gz	CAGCT
894	/wynton/home/ahituv/fongsl/dna/hs1/kmers/18mers/ALL.GGTAA.18mers-nullomers.csv.gz	GGTAA
895	/wynton/home/ahituv/fongsl/dna/hs1/kmers/18mers/ALL.TACGA.18mers-nullomers.csv.gz	TACGA
896	/wynton/home/ahituv/fongsl/dna/hs1/kmers/18mers/ALL.CTGCC.18mers-nullomers.csv.gz	CTGCC
897	/wynton/home/ahituv/fongsl/dna/hs1/kmers/18mers/ALL.ACAAT.18mers-nullomers.csv.gz	ACAAT
898	/wynton/home/ahituv/fongsl/dna/hs1/kmers/18mers/ALL.CAGAG.18mers-nullomers.csv.gz	CAGAG
899	/wynton/home/ahituv/fongsl/dna/hs1/kmers/18mers/ALL.CCTCA.18mers-nullomers.csv.gz	CCTCA
900	/wynton/home/ahituv/fongsl/dna/hs1/kmers/18mers/ALL.CGGAT.18mers-nullomers.csv.gz	CGGAT
901	/wynton/home/ahituv/fongsl/dna/hs1/kmers/18mers/ALL.CGATA.18mers-nullomers.csv.gz	CGATA
902	/wynton/home/ahituv/fongsl/dna/hs1/kmers/18mers/ALL.GCGGC.18mers-nullomers.csv.gz	GCGGC
903	/wynton/home/ahituv/fongsl/dna/hs1/kmers/18mers/ALL.GTCGG.18mers-nullomers.csv.gz	GTCGG
904	/wynton/home/ahituv/fongsl/dna/hs1/kmers/18mers/ALL.GTGTT.18mers-nullomers.csv.gz	GTGTT
905	/wynton/home/ahituv/fongsl/dna/hs1/kmers/18mers/ALL.TTGAT.18mers-nullomers.csv.gz	TTGAT
906	/wynton/home/ahituv/fongsl/dna/hs1/kmers/18mers/ALL.ATTTT.18mers-nullomers.csv.gz	ATTTT
907	/wynton/home/ahituv/fongsl/dna/hs1/kmers/18mers/ALL.AGCAA.18mers-nullomers.csv.gz	AGCAA
908	/wynton/home/ahituv/fongsl/dna/hs1/kmers/18mers/ALL.ACCTC.18mers-nullomers.csv.gz	ACCTC
909	/wynton/home/ahituv/fongsl/dna/hs1/kmers/18mers/ALL.GCCCG.18mers-nullomers.csv.gz	GCCCG
910	/wynton/home/ahituv/fongsl/dna/hs1/kmers/18mers/ALL.TCCGT.18mers-nullomers.csv.gz	TCCGT
911	/wynton/home/ahituv/fongsl/dna/hs1/kmers/18mers/ALL.TCTCG.18mers-nullomers.csv.gz	TCTCG
912	/wynton/home/ahituv/fongsl/dna/hs1/kmers/18mers/ALL.CAGAT.18mers-nullomers.csv.gz	CAGAT
913	/wynton/home/ahituv/fongsl/dna/hs1/kmers/18mers/ALL.CTGTG.18mers-nullomers.csv.gz	CTGTG
914	/wynton/home/ahituv/fongsl/dna/hs1/kmers/18mers/ALL.TAGGG.18mers-nullomers.csv.gz	TAGGG
915	/wynton/home/ahituv/fongsl/dna/hs1/kmers/18mers/ALL.CGTAC.18mers-nullomers.csv.gz	CGTAC
916	/wynton/home/ahituv/fongsl/dna/hs1/kmers/18mers/ALL.CTCGC.18mers-nullomers.csv.gz	CTCGC
917	/wynton/home/ahituv/fongsl/dna/hs1/kmers/18mers/ALL.AAATA.18mers-nullomers.csv.gz	AAATA
918	/wynton/home/ahituv/fongsl/dna/hs1/kmers/18mers/ALL.CAAGA.18mers-nullomers.csv.gz	CAAGA
919	/wynton/home/ahituv/fongsl/dna/hs1/kmers/18mers/ALL.CCCCG.18mers-nullomers.csv.gz	CCCCG
920	/wynton/home/ahituv/fongsl/dna/hs1/kmers/18mers/ALL.TTCAC.18mers-nullomers.csv.gz	TTCAC
921	/wynton/home/ahituv/fongsl/dna/hs1/kmers/18mers/ALL.ATAGG.18mers-nullomers.csv.gz	ATAGG
922	/wynton/home/ahituv/fongsl/dna/hs1/kmers/18mers/ALL.GCAGC.18mers-nullomers.csv.gz	GCAGC
923	/wynton/home/ahituv/fongsl/dna/hs1/kmers/18mers/ALL.GATAA.18mers-nullomers.csv.gz	GATAA
924	/wynton/home/ahituv/fongsl/dna/hs1/kmers/18mers/ALL.AGCAT.18mers-nullomers.csv.gz	AGCAT
925	/wynton/home/ahituv/fongsl/dna/hs1/kmers/18mers/ALL.CCAGA.18mers-nullomers.csv.gz	CCAGA
926	/wynton/home/ahituv/fongsl/dna/hs1/kmers/18mers/ALL.GACGC.18mers-nullomers.csv.gz	GACGC
927	/wynton/home/ahituv/fongsl/dna/hs1/kmers/18mers/ALL.TAACC.18mers-nullomers.csv.gz	TAACC
928	/wynton/home/ahituv/fongsl/dna/hs1/kmers/18mers/ALL.ACCCA.18mers-nullomers.csv.gz	ACCCA
929	/wynton/home/ahituv/fongsl/dna/hs1/kmers/18mers/ALL.CGCTT.18mers-nullomers.csv.gz	CGCTT
930	/wynton/home/ahituv/fongsl/dna/hs1/kmers/18mers/ALL.GGACA.18mers-nullomers.csv.gz	GGACA
931	/wynton/home/ahituv/fongsl/dna/hs1/kmers/18mers/ALL.AATGG.18mers-nullomers.csv.gz	AATGG
932	/wynton/home/ahituv/fongsl/dna/hs1/kmers/18mers/ALL.CATTG.18mers-nullomers.csv.gz	CATTG
933	/wynton/home/ahituv/fongsl/dna/hs1/kmers/18mers/ALL.GTTCG.18mers-nullomers.csv.gz	GTTCG
934	/wynton/home/ahituv/fongsl/dna/hs1/kmers/18mers/ALL.TGCCC.18mers-nullomers.csv.gz	TGCCC
935	/wynton/home/ahituv/fongsl/dna/hs1/kmers/18mers/ALL.CAGTG.18mers-nullomers.csv.gz	CAGTG
936	/wynton/home/ahituv/fongsl/dna/hs1/kmers/18mers/ALL.CTATT.18mers-nullomers.csv.gz	CTATT
937	/wynton/home/ahituv/fongsl/dna/hs1/kmers/18mers/ALL.CGCAG.18mers-nullomers.csv.gz	CGCAG
938	/wynton/home/ahituv/fongsl/dna/hs1/kmers/18mers/ALL.AACAG.18mers-nullomers.csv.gz	AACAG
939	/wynton/home/ahituv/fongsl/dna/hs1/kmers/18mers/ALL.CCTAG.18mers-nullomers.csv.gz	CCTAG
940	/wynton/home/ahituv/fongsl/dna/hs1/kmers/18mers/ALL.GGAGG.18mers-nullomers.csv.gz	GGAGG
941	/wynton/home/ahituv/fongsl/dna/hs1/kmers/18mers/ALL.CACTT.18mers-nullomers.csv.gz	CACTT
942	/wynton/home/ahituv/fongsl/dna/hs1/kmers/18mers/ALL.GCCAA.18mers-nullomers.csv.gz	GCCAA
943	/wynton/home/ahituv/fongsl/dna/hs1/kmers/18mers/ALL.AATGA.18mers-nullomers.csv.gz	AATGA
944	/wynton/home/ahituv/fongsl/dna/hs1/kmers/18mers/ALL.ACGCT.18mers-nullomers.csv.gz	ACGCT
945	/wynton/home/ahituv/fongsl/dna/hs1/kmers/18mers/ALL.TTGCC.18mers-nullomers.csv.gz	TTGCC
946	/wynton/home/ahituv/fongsl/dna/hs1/kmers/18mers/ALL.GGGTT.18mers-nullomers.csv.gz	GGGTT
947	/wynton/home/ahituv/fongsl/dna/hs1/kmers/18mers/ALL.CACGC.18mers-nullomers.csv.gz	CACGC
948	/wynton/home/ahituv/fongsl/dna/hs1/kmers/18mers/ALL.ACTCT.18mers-nullomers.csv.gz	ACTCT
949	/wynton/home/ahituv/fongsl/dna/hs1/kmers/18mers/ALL.ACGGT.18mers-nullomers.csv.gz	ACGGT
950	/wynton/home/ahituv/fongsl/dna/hs1/kmers/18mers/ALL.CACGG.18mers-nullomers.csv.gz	CACGG
951	/wynton/home/ahituv/fongsl/dna/hs1/kmers/18mers/ALL.GATCC.18mers-nullomers.csv.gz	GATCC
952	/wynton/home/ahituv/fongsl/dna/hs1/kmers/18mers/ALL.AAGGA.18mers-nullomers.csv.gz	AAGGA
953	/wynton/home/ahituv/fongsl/dna/hs1/kmers/18mers/ALL.AAGGT.18mers-nullomers.csv.gz	AAGGT
954	/wynton/home/ahituv/fongsl/dna/hs1/kmers/18mers/ALL.ATTCG.18mers-nullomers.csv.gz	ATTCG
955	/wynton/home/ahituv/fongsl/dna/hs1/kmers/18mers/ALL.GAGAG.18mers-nullomers.csv.gz	GAGAG
956	/wynton/home/ahituv/fongsl/dna/hs1/kmers/18mers/ALL.GCCGA.18mers-nullomers.csv.gz	GCCGA
957	/wynton/home/ahituv/fongsl/dna/hs1/kmers/18mers/ALL.CCGTC.18mers-nullomers.csv.gz	CCGTC
958	/wynton/home/ahituv/fongsl/dna/hs1/kmers/18mers/ALL.CATAT.18mers-nullomers.csv.gz	CATAT
959	/wynton/home/ahituv/fongsl/dna/hs1/kmers/18mers/ALL.GCCAG.18mers-nullomers.csv.gz	GCCAG
960	/wynton/home/ahituv/fongsl/dna/hs1/kmers/18mers/ALL.CGTGC.18mers-nullomers.csv.gz	CGTGC
961	/wynton/home/ahituv/fongsl/dna/hs1/kmers/18mers/ALL.CGTAG.18mers-nullomers.csv.gz	CGTAG
962	/wynton/home/ahituv/fongsl/dna/hs1/kmers/18mers/ALL.TCCCA.18mers-nullomers.csv.gz	TCCCA
963	/wynton/home/ahituv/fongsl/dna/hs1/kmers/18mers/ALL.TCTTT.18mers-nullomers.csv.gz	TCTTT
964	/wynton/home/ahituv/fongsl/dna/hs1/kmers/18mers/ALL.TGGCT.18mers-nullomers.csv.gz	TGGCT
965	/wynton/home/ahituv/fongsl/dna/hs1/kmers/18mers/ALL.CTAAG.18mers-nullomers.csv.gz	CTAAG
966	/wynton/home/ahituv/fongsl/dna/hs1/kmers/18mers/ALL.CTTGC.18mers-nullomers.csv.gz	CTTGC
967	/wynton/home/ahituv/fongsl/dna/hs1/kmers/18mers/ALL.GGTTA.18mers-nullomers.csv.gz	GGTTA
968	/wynton/home/ahituv/fongsl/dna/hs1/kmers/18mers/ALL.GAAAT.18mers-nullomers.csv.gz	GAAAT
969	/wynton/home/ahituv/fongsl/dna/hs1/kmers/18mers/ALL.GTTCA.18mers-nullomers.csv.gz	GTTCA
970	/wynton/home/ahituv/fongsl/dna/hs1/kmers/18mers/ALL.ACGTC.18mers-nullomers.csv.gz	ACGTC
971	/wynton/home/ahituv/fongsl/dna/hs1/kmers/18mers/ALL.CACCT.18mers-nullomers.csv.gz	CACCT
972	/wynton/home/ahituv/fongsl/dna/hs1/kmers/18mers/ALL.GGTTC.18mers-nullomers.csv.gz	GGTTC
973	/wynton/home/ahituv/fongsl/dna/hs1/kmers/18mers/ALL.AGCAC.18mers-nullomers.csv.gz	AGCAC
974	/wynton/home/ahituv/fongsl/dna/hs1/kmers/18mers/ALL.TCGTG.18mers-nullomers.csv.gz	TCGTG
975	/wynton/home/ahituv/fongsl/dna/hs1/kmers/18mers/ALL.TGTTA.18mers-nullomers.csv.gz	TGTTA
976	/wynton/home/ahituv/fongsl/dna/hs1/kmers/18mers/ALL.AATTC.18mers-nullomers.csv.gz	AATTC
977	/wynton/home/ahituv/fongsl/dna/hs1/kmers/18mers/ALL.CCAGC.18mers-nullomers.csv.gz	CCAGC
978	/wynton/home/ahituv/fongsl/dna/hs1/kmers/18mers/ALL.GATCG.18mers-nullomers.csv.gz	GATCG
979	/wynton/home/ahituv/fongsl/dna/hs1/kmers/18mers/ALL.CCGTG.18mers-nullomers.csv.gz	CCGTG
980	/wynton/home/ahituv/fongsl/dna/hs1/kmers/18mers/ALL.ATCCT.18mers-nullomers.csv.gz	ATCCT
981	/wynton/home/ahituv/fongsl/dna/hs1/kmers/18mers/ALL.TTGGA.18mers-nullomers.csv.gz	TTGGA
982	/wynton/home/ahituv/fongsl/dna/hs1/kmers/18mers/ALL.CTGCA.18mers-nullomers.csv.gz	CTGCA
983	/wynton/home/ahituv/fongsl/dna/hs1/kmers/18mers/ALL.TGTGT.18mers-nullomers.csv.gz	TGTGT
984	/wynton/home/ahituv/fongsl/dna/hs1/kmers/18mers/ALL.CTGCT.18mers-nullomers.csv.gz	CTGCT
985	/wynton/home/ahituv/fongsl/dna/hs1/kmers/18mers/ALL.GTGCC.18mers-nullomers.csv.gz	GTGCC
986	/wynton/home/ahituv/fongsl/dna/hs1/kmers/18mers/ALL.TAGTG.18mers-nullomers.csv.gz	TAGTG
987	/wynton/home/ahituv/fongsl/dna/hs1/kmers/18mers/ALL.CTCGT.18mers-nullomers.csv.gz	CTCGT
988	/wynton/home/ahituv/fongsl/dna/hs1/kmers/18mers/ALL.TAAAC.18mers-nullomers.csv.gz	TAAAC
989	/wynton/home/ahituv/fongsl/dna/hs1/kmers/18mers/ALL.TCCTT.18mers-nullomers.csv.gz	TCCTT
990	/wynton/home/ahituv/fongsl/dna/hs1/kmers/18mers/ALL.CTCAT.18mers-nullomers.csv.gz	CTCAT
991	/wynton/home/ahituv/fongsl/dna/hs1/kmers/18mers/ALL.TCCAA.18mers-nullomers.csv.gz	TCCAA
992	/wynton/home/ahituv/fongsl/dna/hs1/kmers/18mers/ALL.GACCT.18mers-nullomers.csv.gz	GACCT
993	/wynton/home/ahituv/fongsl/dna/hs1/kmers/18mers/ALL.CAACT.18mers-nullomers.csv.gz	CAACT
994	/wynton/home/ahituv/fongsl/dna/hs1/kmers/18mers/ALL.GAACG.18mers-nullomers.csv.gz	GAACG
995	/wynton/home/ahituv/fongsl/dna/hs1/kmers/18mers/ALL.CTGGA.18mers-nullomers.csv.gz	CTGGA
996	/wynton/home/ahituv/fongsl/dna/hs1/kmers/18mers/ALL.GGCCC.18mers-nullomers.csv.gz	GGCCC
997	/wynton/home/ahituv/fongsl/dna/hs1/kmers/18mers/ALL.CAATC.18mers-nullomers.csv.gz	CAATC
998	/wynton/home/ahituv/fongsl/dna/hs1/kmers/18mers/ALL.CATGG.18mers-nullomers.csv.gz	CATGG
999	/wynton/home/ahituv/fongsl/dna/hs1/kmers/18mers/ALL.TACTC.18mers-nullomers.csv.gz	TACTC
1000	/wynton/home/ahituv/fongsl/dna/hs1/kmers/18mers/ALL.AGACG.18mers-nullomers.csv.gz	AGACG
1001	/wynton/home/ahituv/fongsl/dna/hs1/kmers/18mers/ALL.GTGGT.18mers-nullomers.csv.gz	GTGGT
1002	/wynton/home/ahituv/fongsl/dna/hs1/kmers/18mers/ALL.ACTAG.18mers-nullomers.csv.gz	ACTAG
1003	/wynton/home/ahituv/fongsl/dna/hs1/kmers/18mers/ALL.TACAA.18mers-nullomers.csv.gz	TACAA
1004	/wynton/home/ahituv/fongsl/dna/hs1/kmers/18mers/ALL.ACTGG.18mers-nullomers.csv.gz	ACTGG
1005	/wynton/home/ahituv/fongsl/dna/hs1/kmers/18mers/ALL.CGAAG.18mers-nullomers.csv.gz	CGAAG
1006	/wynton/home/ahituv/fongsl/dna/hs1/kmers/18mers/ALL.CCCGC.18mers-nullomers.csv.gz	CCCGC
1007	/wynton/home/ahituv/fongsl/dna/hs1/kmers/18mers/ALL.CCACC.18mers-nullomers.csv.gz	CCACC
1008	/wynton/home/ahituv/fongsl/dna/hs1/kmers/18mers/ALL.CCTGA.18mers-nullomers.csv.gz	CCTGA
1009	/wynton/home/ahituv/fongsl/dna/hs1/kmers/18mers/ALL.TATAG.18mers-nullomers.csv.gz	TATAG
1010	/wynton/home/ahituv/fongsl/dna/hs1/kmers/18mers/ALL.GTCCA.18mers-nullomers.csv.gz	GTCCA
1011	/wynton/home/ahituv/fongsl/dna/hs1/kmers/18mers/ALL.AGGCA.18mers-nullomers.csv.gz	AGGCA
1012	/wynton/home/ahituv/fongsl/dna/hs1/kmers/18mers/ALL.GATGA.18mers-nullomers.csv.gz	GATGA
1013	/wynton/home/ahituv/fongsl/dna/hs1/kmers/18mers/ALL.TCCGC.18mers-nullomers.csv.gz	TCCGC
1014	/wynton/home/ahituv/fongsl/dna/hs1/kmers/18mers/ALL.TGCTT.18mers-nullomers.csv.gz	TGCTT
1015	/wynton/home/ahituv/fongsl/dna/hs1/kmers/18mers/ALL.TATGA.18mers-nullomers.csv.gz	TATGA
1016	/wynton/home/ahituv/fongsl/dna/hs1/kmers/18mers/ALL.CGCCG.18mers-nullomers.csv.gz	CGCCG
1017	/wynton/home/ahituv/fongsl/dna/hs1/kmers/18mers/ALL.CTGAG.18mers-nullomers.csv.gz	CTGAG
1018	/wynton/home/ahituv/fongsl/dna/hs1/kmers/18mers/ALL.GCCGG.18mers-nullomers.csv.gz	GCCGG
1019	/wynton/home/ahituv/fongsl/dna/hs1/kmers/18mers/ALL.ACCTA.18mers-nullomers.csv.gz	ACCTA
1020	/wynton/home/ahituv/fongsl/dna/hs1/kmers/18mers/ALL.GCGTC.18mers-nullomers.csv.gz	GCGTC
1021	/wynton/home/ahituv/fongsl/dna/hs1/kmers/18mers/ALL.CGCTC.18mers-nullomers.csv.gz	CGCTC
1022	/wynton/home/ahituv/fongsl/dna/hs1/kmers/18mers/ALL.GCCTC.18mers-nullomers.csv.gz	GCCTC
1023	/wynton/home/ahituv/fongsl/dna/hs1/kmers/18mers/ALL.AACTT.18mers-nullomers.csv.gz	AACTT
1024	/wynton/home/ahituv/fongsl/dna/hs1/kmers/18mers/ALL.GTACA.18mers-nullomers.csv.gz	GTACA
