1	CGGC,CAAT,CACT,GGCT,CTGT,CGGG,CGTT,GTGT,TATA,TGAT,AGCC	/wynton/home/ahituv/fongsl/dna/hs1/kmers/14mers	hs1	14	4	True	1
2	CACC,CCGG,GTCG,GGGG,ACCA,TGGA,ATCC,AGCT,TTTA,CACA	/wynton/home/ahituv/fongsl/dna/hs1/kmers/14mers	hs1	14	4	True	1
3	ACTA,CATT,CGAT,GTCA,AAGG,GAAT,TTCA,TCAG,GTGA,TAGG	/wynton/home/ahituv/fongsl/dna/hs1/kmers/14mers	hs1	14	4	True	1
4	TCAC,CCCT,GTTG,TGGT,GTGC,CGCC,ATTT,GGGA,GAAA,AAGC	/wynton/home/ahituv/fongsl/dna/hs1/kmers/14mers	hs1	14	4	True	1
5	AGAT,CTCC,GGCA,ATCA,ATGG,GACA,TACC,TCTC,GGAA,TAAG	/wynton/home/ahituv/fongsl/dna/hs1/kmers/14mers	hs1	14	4	True	1
6	CTAA,TAAC,ATCG,TGAA,GCCT,GAGC,AGGC,TTGG,GGGC,GCTG	/wynton/home/ahituv/fongsl/dna/hs1/kmers/14mers	hs1	14	4	True	1
7	GTAG,ATTG,AATT,TGTG,GCTC,ACAC,GCCA,ATGT,GAGA,TGGC	/wynton/home/ahituv/fongsl/dna/hs1/kmers/14mers	hs1	14	4	True	1
8	CTAT,AATA,GGTA,GTCC,TAAA,TTAA,CTAG,GCGG,TTGC,TCTT	/wynton/home/ahituv/fongsl/dna/hs1/kmers/14mers	hs1	14	4	True	1
9	GCTT,GAAG,GGCC,ACCC,AGAA,GATA,CAAG,AGTC,CCAA,ACTC	/wynton/home/ahituv/fongsl/dna/hs1/kmers/14mers	hs1	14	4	True	1
10	CTGA,GGAC,TCTG,CCCA,AGCG,TCGC,CTCG,ATAC,AATG,ATTC	/wynton/home/ahituv/fongsl/dna/hs1/kmers/14mers	hs1	14	4	True	1
11	AATC,GCAA,TATT,AGCA,ATGC,AGTT,TGTA,TTAG,AACC,CCCG	/wynton/home/ahituv/fongsl/dna/hs1/kmers/14mers	hs1	14	4	True	1
12	AAAC,CATC,CGAA,AGTG,TCCG,ATAA,TAGA,TCTA,TTTG,CACG	/wynton/home/ahituv/fongsl/dna/hs1/kmers/14mers	hs1	14	4	True	1
13	AACA,CGAC,ATTA,GTAA,CAGT,GCAG,AGGT,TACA,TCCC,TGCT	/wynton/home/ahituv/fongsl/dna/hs1/kmers/14mers	hs1	14	4	True	1
14	TGCG,CTGC,GAAC,CGTG,GCGC,ACTG,CAAA,GGTG,GTAT,CGCG	/wynton/home/ahituv/fongsl/dna/hs1/kmers/14mers	hs1	14	4	True	1
15	GCTA,CTTA,AACG,CGGT,TGCA,TGCC,TGAG,TGTC,GACC,AGGA	/wynton/home/ahituv/fongsl/dna/hs1/kmers/14mers	hs1	14	4	True	1
16	GCAC,AAAG,CGCA,TAAT,AGAG,GCGA,GCGT,ATCT,GCCC,TGTT	/wynton/home/ahituv/fongsl/dna/hs1/kmers/14mers	hs1	14	4	True	1
17	CATG,GGAG,TTGA,TTAC,CCGT,GTTC,ACGA,AAAA,ATAT,CAAC	/wynton/home/ahituv/fongsl/dna/hs1/kmers/14mers	hs1	14	4	True	1
18	CCAT,CCGC,GTCT,TGAC,TAGT,TTCC,CCGA,AGTA,TTCT,AAGT	/wynton/home/ahituv/fongsl/dna/hs1/kmers/14mers	hs1	14	4	True	1
19	TAGC,ACGC,CTTG,CTAC,CCAC,ATGA,TACT,GGGT,TTTC,TCGT	/wynton/home/ahituv/fongsl/dna/hs1/kmers/14mers	hs1	14	4	True	1
20	CAGG,CAGA,CGAG,GTGG,CCAG,GGTC,CATA,GTTT,ACAA,GGTT	/wynton/home/ahituv/fongsl/dna/hs1/kmers/14mers	hs1	14	4	True	1
21	CAGC,CGCT,ACCG,CGTC,CTCA,TCGG,ACGG,AGAC,TTGT,ACAT	/wynton/home/ahituv/fongsl/dna/hs1/kmers/14mers	hs1	14	4	True	1
22	CCTC,TACG,TATC,CCTT,GAGT,TCCT,CCTA,TCAA,TATG,GCAT	/wynton/home/ahituv/fongsl/dna/hs1/kmers/14mers	hs1	14	4	True	1
23	GTAC,TCAT,ACCT,AGGG,GTTA,GATT,CCCC,TTAT,GACG,ATAG	/wynton/home/ahituv/fongsl/dna/hs1/kmers/14mers	hs1	14	4	True	1
24	GACT,ACAG,CTTT,CTGG,CCTG,AAGA,ACGT,GGAT,AACT,CTCT	/wynton/home/ahituv/fongsl/dna/hs1/kmers/14mers	hs1	14	4	True	1
25	ACTT,GCCG,CGGA,CTTC,GATG,GGCG,TCGA,TGGG,TTTT,AAAT	/wynton/home/ahituv/fongsl/dna/hs1/kmers/14mers	hs1	14	4	True	1
26	TTCG,TCCA,CGTA,GAGG,GATC	/wynton/home/ahituv/fongsl/dna/hs1/kmers/14mers	hs1	14	4	True	1
