1	ATCG,AACT,TGTA,TGCT,TCCC,TAAT,TGGA,ACAG,CCCC,GCGG,TGAC	/wynton/home/ahituv/fongsl/dna/hs1/	hs1	11	4	True
2	CTCA,TTTG,ATTC,CCAG,CCGT,AGCA,GATA,ACGT,GATT,CTTA	/wynton/home/ahituv/fongsl/dna/hs1/	hs1	11	4	True
3	GGGT,GACC,GTAC,TTGC,AAGG,ATAG,ATAC,CATC,AGAG,GGCA	/wynton/home/ahituv/fongsl/dna/hs1/	hs1	11	4	True
4	GCGT,AGGA,CGAT,GCAT,TTGT,AACA,AGTT,CACT,CCGG,CCCT	/wynton/home/ahituv/fongsl/dna/hs1/	hs1	11	4	True
5	CTTG,CTAT,ACAC,TACT,CATA,AGGG,GAGC,TCGC,TGTG,GACA	/wynton/home/ahituv/fongsl/dna/hs1/	hs1	11	4	True
6	ACTA,AACC,CGGA,TAAA,TATT,CTCT,ATCA,ACAA,CCTC,GAGT	/wynton/home/ahituv/fongsl/dna/hs1/	hs1	11	4	True
7	AATA,AATT,GTTC,ATAA,CGAC,ACGG,GTAA,GCAG,CCAA,ATCC	/wynton/home/ahituv/fongsl/dna/hs1/	hs1	11	4	True
8	CAGA,AGCC,AGCT,GGGG,GGCT,GTTG,GTCG,ATCT,GCCA,GAAG	/wynton/home/ahituv/fongsl/dna/hs1/	hs1	11	4	True
9	ATGC,GGAA,TTAG,GGCG,CAAA,CGAG,TCAT,TTGA,TATC,AGAT	/wynton/home/ahituv/fongsl/dna/hs1/	hs1	11	4	True
10	ATAT,AAAC,GATC,GGAG,GCCT,CGTG,GGTT,CAGG,TCCG,CCTG	/wynton/home/ahituv/fongsl/dna/hs1/	hs1	11	4	True
11	GCTC,GCGC,GTAT,TTTA,TTTT,AGAC,AATC,AATG,CCGC,GCAA	/wynton/home/ahituv/fongsl/dna/hs1/	hs1	11	4	True
12	AGCG,CTGA,GGTG,AAGA,ACCC,GCTT,GTCT,ACTT,GTGC,CAAG	/wynton/home/ahituv/fongsl/dna/hs1/	hs1	11	4	True
13	CTTT,CGTA,AAGC,CGGC,GTAG,TGCA,TGAA,CTGT,ACAT,CTGG	/wynton/home/ahituv/fongsl/dna/hs1/	hs1	11	4	True
14	AAAA,TCAC,TTAT,GCTA,TAAG,AGTA,GAAT,GGGA,ATTG,CACC	/wynton/home/ahituv/fongsl/dna/hs1/	hs1	11	4	True
15	GCAC,AGAA,CGCC,AAGT,ATGA,CACA,CTAA,CGCA,TAGG,CCCG	/wynton/home/ahituv/fongsl/dna/hs1/	hs1	11	4	True
16	AAAG,TCTG,TGAG,CGAA,GGAC,GGAT,ATGT,CTAG,GAGA,TCAG	/wynton/home/ahituv/fongsl/dna/hs1/	hs1	11	4	True
17	TGCC,CGCT,TCGA,TCTT,GAGG,TTAA,TTGG,CATT,TAGA,TACG	/wynton/home/ahituv/fongsl/dna/hs1/	hs1	11	4	True
18	AGTC,TGTC,ACCG,GTGG,CGTT,TACC,TCGT,CAGC,CTAC,CAAC	/wynton/home/ahituv/fongsl/dna/hs1/	hs1	11	4	True
19	GCGA,CTGC,CCAT,ACGA,AGGT,GTGA,TCAA,AGGC,AACG,GGTA	/wynton/home/ahituv/fongsl/dna/hs1/	hs1	11	4	True
20	CAAT,GCCC,TATA,GACG,CCCA,TCTA,TTCG,CGGG,TGGT,TAGT	/wynton/home/ahituv/fongsl/dna/hs1/	hs1	11	4	True
21	TAGC,TTTC,CTCC,ACCT,TGGC,CAGT,CGGT,TACA,TTCA,TGCG	/wynton/home/ahituv/fongsl/dna/hs1/	hs1	11	4	True
22	CGTC,CTTC,AGTG,AAAT,ACTG,ATTA,TTCC,GTGT,CCTT,TCTC	/wynton/home/ahituv/fongsl/dna/hs1/	hs1	11	4	True
23	CCAC,GAAC,GTTT,TATG,CTCG,CACG,ACCA,ATGG,TGAT,TGGG	/wynton/home/ahituv/fongsl/dna/hs1/	hs1	11	4	True
24	TTAC,ACGC,GACT,TCCT,GGGC,TGTT,GAAA,CATG,CCGA,GGCC	/wynton/home/ahituv/fongsl/dna/hs1/	hs1	11	4	True
25	GTCA,TCCA,ACTC,GCCG,TCGG,TAAC,GGTC,GTCC,GATG,TTCT	/wynton/home/ahituv/fongsl/dna/hs1/	hs1	11	4	True
26	CCTA,CGCG,GTTA,GCTG,ATTT	/wynton/home/ahituv/fongsl/dna/hs1/	hs1	11	4	True
