1	GAAGC,ATCAC,ATCAT,TGAAT,TTGGG,CCAGA,GTTTA,ACAGT,AATTT,GACGT,TGACA	/wynton/home/ahituv/fongsl/dna/hs1/kmers/16mers	hs1	16	5	True	1
2	AAAAG,AACGA,CGCCG,GGATT,TCCCG,GTGCT,TCAAA,ATGGT,CAGTT,ACCGG	/wynton/home/ahituv/fongsl/dna/hs1/kmers/16mers	hs1	16	5	True	1
3	CTATC,GCTCT,TTAAA,CGAAC,GGATA,GCGTC,CGCGA,TATTG,TTGAT,TTAGG	/wynton/home/ahituv/fongsl/dna/hs1/kmers/16mers	hs1	16	5	True	1
4	TCCAG,GTCAG,ATGTC,AAAGC,TTCTC,GAATT,ATGCC,CTCGT,CCCTT,ACCAC	/wynton/home/ahituv/fongsl/dna/hs1/kmers/16mers	hs1	16	5	True	1
5	CGCAA,GGGGA,TCGTG,GGCAG,TCGTT,TGCGT,TGTAG,TTTGG,CTTGC,AAGGG	/wynton/home/ahituv/fongsl/dna/hs1/kmers/16mers	hs1	16	5	True	1
6	CTGGC,AGCAT,CTGTG,ACCGT,GTCGC,TGACC,AAGGC,GAGGT,CCTCA,CAGCG	/wynton/home/ahituv/fongsl/dna/hs1/kmers/16mers	hs1	16	5	True	1
7	CCTAG,CTCAT,TCCGT,ATCCA,CGACT,TTTTG,TACAC,TCGTC,AAGGA,AAAGG	/wynton/home/ahituv/fongsl/dna/hs1/kmers/16mers	hs1	16	5	True	1
8	AGGCT,ATTAA,TAAAT,ATGAT,TGGAC,AGTCC,CGTGA,ACTAA,GGTGT,TAGCA	/wynton/home/ahituv/fongsl/dna/hs1/kmers/16mers	hs1	16	5	True	1
9	TACAG,AGATC,CGTAA,TGGAG,TGACG,GGATG,GACCC,GTCAA,CGCGC,TGAAC	/wynton/home/ahituv/fongsl/dna/hs1/kmers/16mers	hs1	16	5	True	1
10	TGTGT,CGAAG,CTCCG,CGATA,CGCTC,TAGTT,CAATC,CAGCA,CTCTA,GTCCT	/wynton/home/ahituv/fongsl/dna/hs1/kmers/16mers	hs1	16	5	True	1
11	TCAGA,AACAC,GTACT,CGGAT,CTGAG,GTAAA,TTATC,AGGCC,CGGCA,GACCG	/wynton/home/ahituv/fongsl/dna/hs1/kmers/16mers	hs1	16	5	True	1
12	AAGAG,TTAAC,GTATA,AAACT,TGTTT,GCCCT,CTTCC,TGAGC,CGTGC,CCAAA	/wynton/home/ahituv/fongsl/dna/hs1/kmers/16mers	hs1	16	5	True	1
13	GCGAA,GATAC,ATTAG,AGATG,AACCA,GGCGA,ACGGT,GTCGG,TCATC,ACGCA	/wynton/home/ahituv/fongsl/dna/hs1/kmers/16mers	hs1	16	5	True	1
14	TTGAG,AACGG,TTCTT,CCTAA,TTCCT,CGGGC,CTTCG,CTAGT,CCCTG,GAGCC	/wynton/home/ahituv/fongsl/dna/hs1/kmers/16mers	hs1	16	5	True	1
15	CACAC,TACGA,CATAA,AGCTA,GAAAC,AGTCA,GATAT,GTCTT,AAAGA,ACTGC	/wynton/home/ahituv/fongsl/dna/hs1/kmers/16mers	hs1	16	5	True	1
16	GACCT,GAGGC,CCCGA,GAGTG,GTTGA,TATGC,TCGGC,GTAGT,TCAGC,AATCA	/wynton/home/ahituv/fongsl/dna/hs1/kmers/16mers	hs1	16	5	True	1
17	ATGAG,CTACT,AGCTT,CTCAC,GAGGA,GAGCT,GTTAA,TTTAA,CTGTT,AGGAT	/wynton/home/ahituv/fongsl/dna/hs1/kmers/16mers	hs1	16	5	True	1
18	ATTAT,CCCGC,GGGTT,AGCAC,ATCCG,CCCTA,GGCCT,TGCTG,GTAGA,GCTCA	/wynton/home/ahituv/fongsl/dna/hs1/kmers/16mers	hs1	16	5	True	1
19	GTGTG,GCGTT,GGTCA,CTACA,ATACC,GATAG,GAGTC,GAAGT,ACGTC,CAGAT	/wynton/home/ahituv/fongsl/dna/hs1/kmers/16mers	hs1	16	5	True	1
20	ACTCT,TTACC,ACGTA,TGGGG,AAGTA,GCCTT,GGAGG,GGAGT,GTCTC,TTCAG	/wynton/home/ahituv/fongsl/dna/hs1/kmers/16mers	hs1	16	5	True	1
21	TATGT,ATGGG,TCGCT,CGGAG,CATAG,GACTT,ACTCA,GACCA,GGTAG,AAAAT	/wynton/home/ahituv/fongsl/dna/hs1/kmers/16mers	hs1	16	5	True	1
22	ATACG,CACGG,TAAGT,CCTGG,TAACC,TACAT,CGATC,CGCAC,GACTG,CCCGG	/wynton/home/ahituv/fongsl/dna/hs1/kmers/16mers	hs1	16	5	True	1
23	TCTCA,TGTTC,CCGCC,ACTGG,CAGTA,ATAAG,TATAT,GGTGG,CGACC,GCCAT	/wynton/home/ahituv/fongsl/dna/hs1/kmers/16mers	hs1	16	5	True	1
24	CCTTG,AAGAA,GTGGC,GTGGA,GTTAT,CACGA,CCCCC,TGATT,GACTC,AGCAG	/wynton/home/ahituv/fongsl/dna/hs1/kmers/16mers	hs1	16	5	True	1
25	CACAA,CTAAC,CATGC,CCGGT,TAGAG,TAGCT,TCCTA,TAATG,GCTGC,CCATC	/wynton/home/ahituv/fongsl/dna/hs1/kmers/16mers	hs1	16	5	True	1
26	TCAAT,GAGAA,GTAGC,CCCAG,AGCTG,CGGAA,GCGTG,GGGTG,CGACG,GAACC	/wynton/home/ahituv/fongsl/dna/hs1/kmers/16mers	hs1	16	5	True	1
27	CTGCT,GCATT,GAAGA,AAGCC,CTGTC,TTCAT,CGGGT,TGGAA,TGGTA,GGTTA	/wynton/home/ahituv/fongsl/dna/hs1/kmers/16mers	hs1	16	5	True	1
28	ATCTA,ATCCT,CGCTG,ACGAG,CAGGT,GATGT,AAGAC,GTCTA,TGCAG,ACGCT	/wynton/home/ahituv/fongsl/dna/hs1/kmers/16mers	hs1	16	5	True	1
29	GCCAA,TTGCA,GGTAT,GTATG,ACAGC,TCTAA,ACACT,TGTGG,GTGCC,GACAG	/wynton/home/ahituv/fongsl/dna/hs1/kmers/16mers	hs1	16	5	True	1
30	ATAGG,ATTGG,CGAGC,CCATA,AGATT,CACCC,TTTGA,GCGGA,GAATA,GAATG	/wynton/home/ahituv/fongsl/dna/hs1/kmers/16mers	hs1	16	5	True	1
31	AATAA,GGTTT,CTGGG,AGTTT,TTAGC,TACCA,CGCAG,TGATA,GCGTA,AGAAA	/wynton/home/ahituv/fongsl/dna/hs1/kmers/16mers	hs1	16	5	True	1
32	ATACT,ACGCG,CAATT,CAAGC,TCACC,CTTAG,TGCAC,CCGTG,GACGC,TGTAC	/wynton/home/ahituv/fongsl/dna/hs1/kmers/16mers	hs1	16	5	True	1
33	GAAGG,CTTCT,TTGAC,CGCAT,CTACC,CTTGG,TGGCA,GGTGA,TTGTA,CCACC	/wynton/home/ahituv/fongsl/dna/hs1/kmers/16mers	hs1	16	5	True	1
34	GTGGT,TAGAC,TCACA,GAACG,GAGCA,TTTCA,TTGGT,GCCGT,GCGCC,ACATA	/wynton/home/ahituv/fongsl/dna/hs1/kmers/16mers	hs1	16	5	True	1
35	ACCGC,GTAAG,TCCAC,TATTC,CAGTG,CGTTT,AATTG,GATTC,TTTAT,CGAGT	/wynton/home/ahituv/fongsl/dna/hs1/kmers/16mers	hs1	16	5	True	1
36	TCGAG,AGCCT,CGGAC,CCGAG,CGGCC,TAAGC,TAATC,AGGTG,GCGCT,GTAAC	/wynton/home/ahituv/fongsl/dna/hs1/kmers/16mers	hs1	16	5	True	1
37	CTTCA,CGAAA,GGAAA,CCCAA,ATTAC,CAATA,GCAAG,CGGTT,GGCGG,GGTCG	/wynton/home/ahituv/fongsl/dna/hs1/kmers/16mers	hs1	16	5	True	1
38	GACGG,TCAAC,TCTGC,TACTT,GCAGG,TGAGA,TTTAG,GCGCA,AACTA,ACCTC	/wynton/home/ahituv/fongsl/dna/hs1/kmers/16mers	hs1	16	5	True	1
39	CCGAT,AGACT,AGCTC,TCGCC,AGGCG,CCGGC,GGCGC,CGCGT,TAAGA,AGTCG	/wynton/home/ahituv/fongsl/dna/hs1/kmers/16mers	hs1	16	5	True	1
40	GGAGC,TATAC,TGCCG,GAATC,TAAAG,TGGCG,ATAGC,CGATT,CAGCT,GCTAT	/wynton/home/ahituv/fongsl/dna/hs1/kmers/16mers	hs1	16	5	True	1
41	CGGTG,ACGAT,GGACC,TCCAT,AGGAA,TGCTT,CCCCT,CTGAT,GATCT,AAGGT	/wynton/home/ahituv/fongsl/dna/hs1/kmers/16mers	hs1	16	5	True	1
42	GGGAG,TGGCC,CAAAC,CGGGA,TCTAT,CGCCC,CTAAG,CAACC,GCCTG,GCCGC	/wynton/home/ahituv/fongsl/dna/hs1/kmers/16mers	hs1	16	5	True	1
43	ATTTC,GATGG,GTACC,TCGCG,TAGGT,CAGGG,AGACG,GGCCA,GACGA,GGGTA	/wynton/home/ahituv/fongsl/dna/hs1/kmers/16mers	hs1	16	5	True	1
44	TAACG,TCTAG,TGCAT,CCGAC,AGTAG,CCTGT,GCAGA,TGCTA,AATAG,ACTTG	/wynton/home/ahituv/fongsl/dna/hs1/kmers/16mers	hs1	16	5	True	1
45	ACCAT,ACCCG,CGCGG,CTCCC,TCTGG,AGAAC,CCCAT,GGTCT,CATTT,GGTAA	/wynton/home/ahituv/fongsl/dna/hs1/kmers/16mers	hs1	16	5	True	1
46	ATATG,GCTTT,CTACG,CTCTG,TGCCA,AGGGC,TCTTA,ACACA,TAGTA,TAATA	/wynton/home/ahituv/fongsl/dna/hs1/kmers/16mers	hs1	16	5	True	1
47	AACAA,GCCAG,TAAGG,TCTGA,TTAGA,TTATA,CTGCC,ATGTG,GGCTA,ATTGC	/wynton/home/ahituv/fongsl/dna/hs1/kmers/16mers	hs1	16	5	True	1
48	GGACG,TATAA,ACGGA,CCAGC,GACAT,CCGCA,GTAGG,ATGGC,CTATG,TAGGC	/wynton/home/ahituv/fongsl/dna/hs1/kmers/16mers	hs1	16	5	True	1
49	CCAGT,GTTGG,AAACG,AGGAG,ATCGG,CGCCT,TATCT,TCGCA,CCACG,ACCTA	/wynton/home/ahituv/fongsl/dna/hs1/kmers/16mers	hs1	16	5	True	1
50	AGACA,GCAAC,GTGAG,ATGCT,TACGC,TGGGA,AGGTA,GCACT,CTATA,TTGTC	/wynton/home/ahituv/fongsl/dna/hs1/kmers/16mers	hs1	16	5	True	1
51	AACTT,CTGCG,ATCTT,ACGTT,GGCAT,GTTGC,CGGCG,TCTCT,TGCGA,GGGCC	/wynton/home/ahituv/fongsl/dna/hs1/kmers/16mers	hs1	16	5	True	1
52	CCCCG,TGTTA,TATCC,GCGGC,AGAGT,CCCTC,GAGTT,GTTAG,TCTTT,AAGCA	/wynton/home/ahituv/fongsl/dna/hs1/kmers/16mers	hs1	16	5	True	1
53	GGGAA,CGCTA,CTTTG,ATCAA,CCTTC,TGGTT,AGGAC,AGGGA,ATCCC,ATGTT	/wynton/home/ahituv/fongsl/dna/hs1/kmers/16mers	hs1	16	5	True	1
54	TATCG,TCCCA,TTGTT,GGACT,CCGGA,GCTTG,AGTGT,AACCG,AATCG,AAGTT	/wynton/home/ahituv/fongsl/dna/hs1/kmers/16mers	hs1	16	5	True	1
55	ACTTA,CCTCC,TAGCG,TGAGT,CGTCC,TCTTG,CGTTG,ATCGA,GGATC,GTCCC	/wynton/home/ahituv/fongsl/dna/hs1/kmers/16mers	hs1	16	5	True	1
56	TCCGA,CACCA,AAATC,CTAGG,CTCAG,CGTAG,AAGAT,AGCCC,CTCGG,CGATG	/wynton/home/ahituv/fongsl/dna/hs1/kmers/16mers	hs1	16	5	True	1
57	TTTCC,GCAGT,GTTTT,TCTCC,GTCAC,AGTGG,TTGAA,CATCA,GTGAT,CAGCC	/wynton/home/ahituv/fongsl/dna/hs1/kmers/16mers	hs1	16	5	True	1
58	CACGT,CCTTA,ACATC,TCATG,TTTTA,GTCAT,AATAT,ATAGA,CATTC,CCGAA	/wynton/home/ahituv/fongsl/dna/hs1/kmers/16mers	hs1	16	5	True	1
59	ATGAA,GGGGT,GTTCT,GCTCG,TGTAA,CTAGA,AATCC,ACGGC,CGTAT,GGAAG	/wynton/home/ahituv/fongsl/dna/hs1/kmers/16mers	hs1	16	5	True	1
60	CCGTA,GTTAC,TGCGC,CACCG,TTAAG,ACTTC,AGGGG,GACAA,GATCA,AACTC	/wynton/home/ahituv/fongsl/dna/hs1/kmers/16mers	hs1	16	5	True	1
61	ATCAG,ATTCT,TGAAG,CAAGG,ATATA,ATTGA,TTCAC,CAGAG,TTCCC,TACTA	/wynton/home/ahituv/fongsl/dna/hs1/kmers/16mers	hs1	16	5	True	1
62	CATGG,TGAGG,GCATC,GCTGA,TACTC,AAACA,TAGTC,TGGCT,AGTTA,CAACT	/wynton/home/ahituv/fongsl/dna/hs1/kmers/16mers	hs1	16	5	True	1
63	AGAAG,GCGAC,TTCGT,TCGAC,TTTGC,GTGGG,CGAGA,AGCGA,CCGGG,GGGCG	/wynton/home/ahituv/fongsl/dna/hs1/kmers/16mers	hs1	16	5	True	1
64	TCCTC,CGCTT,CGAAT,TGTGA,AGAAT,CCGCT,CTCTC,TCATT,CAGTC,CTTTC	/wynton/home/ahituv/fongsl/dna/hs1/kmers/16mers	hs1	16	5	True	1
65	CTTAA,GCCAC,TCTCG,GAGTA,CGGCT,AGTCT,ACAAT,TAACT,GCTTC,AAATA	/wynton/home/ahituv/fongsl/dna/hs1/kmers/16mers	hs1	16	5	True	1
66	CAACA,AATGG,GTTCC,AGTAC,GATTT,GGTCC,TGACT,CAACG,GTAAT,TCCCC	/wynton/home/ahituv/fongsl/dna/hs1/kmers/16mers	hs1	16	5	True	1
67	ACATT,ATAAA,ACCTG,TTGTG,CATTG,TCGAT,ATTGT,CTCCA,ATAAC,CTTTA	/wynton/home/ahituv/fongsl/dna/hs1/kmers/16mers	hs1	16	5	True	1
68	ACGTG,CACTA,CTCGA,GGAGA,GGGAT,AACTG,ACTAT,GGTGC,TCACG,ATACA	/wynton/home/ahituv/fongsl/dna/hs1/kmers/16mers	hs1	16	5	True	1
69	TCCTG,AGACC,CGTTC,TTTTC,ATTCA,ATCTC,ACTAG,CACTC,TTGCT,TCGTA	/wynton/home/ahituv/fongsl/dna/hs1/kmers/16mers	hs1	16	5	True	1
70	TCACT,TCCCT,TTAGT,GTCTG,TGTCA,AACGT,CGTCA,TTCAA,AGCGG,TACAA	/wynton/home/ahituv/fongsl/dna/hs1/kmers/16mers	hs1	16	5	True	1
71	GCGGG,ACCTT,GTACA,TATCA,TTCCG,GAACT,TGCGG,ACATG,AATGC,TGCAA	/wynton/home/ahituv/fongsl/dna/hs1/kmers/16mers	hs1	16	5	True	1
72	ACAGG,ACTGA,AGTTC,GCCGG,GGCTT,TCGGA,ACTCC,AAACC,ATCGT,TCCGG	/wynton/home/ahituv/fongsl/dna/hs1/kmers/16mers	hs1	16	5	True	1
73	CAAGT,ATATT,GGCCG,TGGAT,TGGTC,CACAG,GGCAA,GCGGT,CCTGA,TGTCC	/wynton/home/ahituv/fongsl/dna/hs1/kmers/16mers	hs1	16	5	True	1
74	GCTAC,AGCGC,TGATC,TACGT,ACGAA,GAGGG,GCTCC,AATGT,ACCCC,ACGCC	/wynton/home/ahituv/fongsl/dna/hs1/kmers/16mers	hs1	16	5	True	1
75	AGTGA,CTGTA,TCAGG,AACAT,GGGAC,CTTGA,CCTAT,TAGAT,GCTGG,TTGGC	/wynton/home/ahituv/fongsl/dna/hs1/kmers/16mers	hs1	16	5	True	1
76	CTTAC,TAGAA,GCACA,AAGTG,CCACA,AATTA,TGATG,TAAAA,AATCT,GAGAG	/wynton/home/ahituv/fongsl/dna/hs1/kmers/16mers	hs1	16	5	True	1
77	TGGGC,GAGAC,TGGTG,ATGAC,CTCCT,CCATT,GATCG,TTCTG,AGTGC,CAAGA	/wynton/home/ahituv/fongsl/dna/hs1/kmers/16mers	hs1	16	5	True	1
78	ACCAG,CCCAC,AGCAA,AAATT,CTTAT,CTGGA,GTATT,CTTGT,GACAC,ACAAA	/wynton/home/ahituv/fongsl/dna/hs1/kmers/16mers	hs1	16	5	True	1
79	CATCG,GCCCG,TGGGT,CCTTT,CTAGC,GCAAT,GGTAC,AAGCG,ATTTG,GGACA	/wynton/home/ahituv/fongsl/dna/hs1/kmers/16mers	hs1	16	5	True	1
80	TGTAT,CCCGT,CGGGG,CACAT,TTATG,TTTGT,CATGT,CGTTA,GAAAT,ATCGC	/wynton/home/ahituv/fongsl/dna/hs1/kmers/16mers	hs1	16	5	True	1
81	ATGCA,GTGAA,GGGTC,GCCTC,ACAGA,TTCGA,GGGCA,CATGA,CAAAT,GGGCT	/wynton/home/ahituv/fongsl/dna/hs1/kmers/16mers	hs1	16	5	True	1
82	TATTT,TGTTG,CTCGC,CCAAC,TTTCG,TAGCC,GAGAT,TAGTG,GTTTG,CCGTC	/wynton/home/ahituv/fongsl/dna/hs1/kmers/16mers	hs1	16	5	True	1
83	CCTAC,TACTG,CCGCG,CGTCT,GTCCG,TGTCT,TTGCG,GGGGG,TGCCC,TCCTT	/wynton/home/ahituv/fongsl/dna/hs1/kmers/16mers	hs1	16	5	True	1
84	GCGAT,CACCT,AACGC,GTACG,CGGTA,CTAAA,ATAAT,TCTAC,CAAAA,GCATG	/wynton/home/ahituv/fongsl/dna/hs1/kmers/16mers	hs1	16	5	True	1
85	GCCCA,AAATG,GCACG,CTGAA,TACGG,TTACT,AGGCA,GCCTA,AACAG,GCATA	/wynton/home/ahituv/fongsl/dna/hs1/kmers/16mers	hs1	16	5	True	1
86	GAAAA,TCATA,ACAAG,CCACT,TACCG,CGAGG,GTTCG,GTCCA,TTCGG,GAAAG	/wynton/home/ahituv/fongsl/dna/hs1/kmers/16mers	hs1	16	5	True	1
87	CATAC,ACTTT,TGAAA,CATAT,TACCC,TATGA,ATCTG,GATTA,GTCGT,GACTA	/wynton/home/ahituv/fongsl/dna/hs1/kmers/16mers	hs1	16	5	True	1
88	AGAGA,GCACC,CCCCA,CAGGC,CGACA,AATGA,CATCT,ACCCT,ATTTA,GGAAC	/wynton/home/ahituv/fongsl/dna/hs1/kmers/16mers	hs1	16	5	True	1
89	ACCAA,GATGC,GTATC,GTGCA,GGCGT,CCGTT,CCAAG,ATTCC,GGAAT,AGCCA	/wynton/home/ahituv/fongsl/dna/hs1/kmers/16mers	hs1	16	5	True	1
90	ACTGT,GCTTA,GGCTC,CTATT,AGAGG,AGGTT,AATAC,ACTAC,ATGTA,TTCCA	/wynton/home/ahituv/fongsl/dna/hs1/kmers/16mers	hs1	16	5	True	1
91	GTGCG,GCGCG,AGATA,TCAAG,GGCCC,GTGAC,GATTG,ACACC,AGGGT,CCATG	/wynton/home/ahituv/fongsl/dna/hs1/kmers/16mers	hs1	16	5	True	1
92	GATAA,CCAGG,AGTAA,AAAGT,GTGTT,CACGC,GCAAA,TCGAA,TGTGC,TAGGG	/wynton/home/ahituv/fongsl/dna/hs1/kmers/16mers	hs1	16	5	True	1
93	AAAAA,GGGGC,CTGAC,TCTGT,GTTGT,GGTTC,TCAGT,GCTAG,TCCGC,CTAAT	/wynton/home/ahituv/fongsl/dna/hs1/kmers/16mers	hs1	16	5	True	1
94	GCCGA,TTATT,CAGAC,CAGAA,TATGG,CACTG,AGCGT,TTCGC,TGTCG,CCAAT	/wynton/home/ahituv/fongsl/dna/hs1/kmers/16mers	hs1	16	5	True	1
95	CTTTT,CTGGT,AACCC,CGTAC,ACCGA,ATATC,ATTCG,AGGTC,TTGCC,CTCTT	/wynton/home/ahituv/fongsl/dna/hs1/kmers/16mers	hs1	16	5	True	1
96	TGCCT,GTCGA,CACTT,AAGCT,CATCC,TCGGG,TCGGT,ACGAC,TTTAC,CAAAG	/wynton/home/ahituv/fongsl/dna/hs1/kmers/16mers	hs1	16	5	True	1
97	TAATT,AGTTG,TTTCT,TTCTA,ATGGA,TTACA,TTACG,AAAAC,GCAGC,GATCC	/wynton/home/ahituv/fongsl/dna/hs1/kmers/16mers	hs1	16	5	True	1
98	CGCCA,ACAAC,GCGAG,AGAGC,GTGTA,TATTA,AACCT,ACGGG,AAGTC,TCTTC	/wynton/home/ahituv/fongsl/dna/hs1/kmers/16mers	hs1	16	5	True	1
99	ATTTT,GCTAA,CATTA,TACCT,TCCAA,GTTTC,ACACG,AATTC,CAGGA,CAATG	/wynton/home/ahituv/fongsl/dna/hs1/kmers/16mers	hs1	16	5	True	1
100	GGCTG,AGCCG,CCTCG,CGTGT,CTGCA,GAGCG,GTGTC,CGTGG,CTCAA,GGTTG	/wynton/home/ahituv/fongsl/dna/hs1/kmers/16mers	hs1	16	5	True	1
101	TAGGA,TGCTC,ACTCG,GATGA,TAAAC,CGGTC,AGTAT,ATGCG,CGTCG,GCTGT	/wynton/home/ahituv/fongsl/dna/hs1/kmers/16mers	hs1	16	5	True	1
102	GTTCA,TATAG,TTGGA,TAACA,TTAAT,CCTCT,TTTTT,ACCCA,GGCAC,CCTGC	/wynton/home/ahituv/fongsl/dna/hs1/kmers/16mers	hs1	16	5	True	1
103	GAACA,ATAGT,GCCCC	/wynton/home/ahituv/fongsl/dna/hs1/kmers/16mers	hs1	16	5	True	1
